0,1,31,0,2,18,0,0,6,0,13,3,1,7,111,2,0,18,10,0,3,2,2,0,5,18,62,35,16,75,3,0,2,5,169,131,115,3,0,0,7,6,2,0,4,1,0,2,0,3,35,75,96,123,151,179,155,180,204,212,230,255,264,286
0,0,34,0,3,16,4,0,4,11,9,5,0,6,33,0,0,24,12,6,6,2,4,3,0,19,67,36,20,89,3,1,2,7,121,118,130,1,2,0,0,0,0,0,0,1,0,0,0,8,42,77,90,122,149,178,158,178,198,216,229,249,266,287
0,0,29,0,5,18,0,0,6,8,17,5,0,15,32,2,1,26,10,3,0,8,0,5,0,24,60,36,14,79,0,4,0,2,154,127,114,5,0,0,0,2,4,5,2,0,14,1,0,10,37,75,91,117,145,170,152,180,205,229,240,260,275,297
6,4,31,0,0,11,3,6,10,11,18,4,1,14,14,0,1,21,11,2,4,6,1,4,1,19,70,34,14,66,1,1,5,0,159,133,120,0,0,4,5,4,3,0,3,2,0,5,0,6,39,77,88,127,152,178,153,184,208,225,239,254,276,299
0,5,34,3,4,18,2,0,0,11,17,1,3,13,24,0,0,18,16,3,0,2,3,0,0,14,74,28,14,77,1,4,0,0,158,125,127,5,0,0,3,0,0,0,0,0,2,0,0,0,35,68,86,122,142,159,136,165,189,207,215,243,263,279
7,0,35,0,0,19,1,0,8,13,20,0,1,7,20,1,0,23,13,0,3,15,0,0,0,19,70,39,15,71,0,3,3,0,168,134,113,0,4,0,0,0,5,1,0,2,5,2,0,0,37,58,82,116,136,167,145,175,196,216,215,233,259,273
6,4,34,3,0,21,0,0,14,14,23,0,1,11,20,0,2,23,13,6,6,14,1,0,0,16,68,35,12,77,0,4,3,5,155,134,125,0,3,5,2,3,1,3,3,0,0,2,0,7,39,73,87,120,151,177,153,183,200,218,229,249,262,284
7,2,34,3,4,13,2,1,5,6,12,0,0,13,27,0,0,20,14,0,0,12,0,0,1,20,69,38,18,76,0,2,2,6,158,133,120,0,3,0,0,0,0,1,0,1,0,4,0,10,43,73,92,115,144,165,152,187,185,220,228,252,268,275
5,3,36,0,6,21,5,2,10,4,17,3,2,14,16,0,5,25,13,3,5,11,0,4,4,26,72,41,9,69,2,0,5,0,153,138,125,1,1,0,0,0,0,5,0,0,5,6,0,5,40,76,80,114,137,173,156,174,208,230,230,259,259,290
0,0,35,0,0,15,0,4,12,7,19,0,1,13,28,4,4,27,7,4,0,12,0,0,0,18,66,36,18,67,6,0,1,2,161,135,125,1,0,0,3,0,1,0,0,12,2,1,0,2,36,67,86,111,144,165,152,171,198,211,223,244,254,283
0,5,26,3,0,19,0,0,12,0,17,0,4,8,24,1,5,26,9,4,0,2,3,2,0,16,61,40,19,73,0,0,0,8,164,143,122,0,2,0,1,3,1,0,3,0,0,0,0,6,24,71,83,118,139,168,151,176,196,214,221,232,245,270
0,0,34,0,3,23,6,0,1,12,17,0,1,17,22,0,0,21,15,6,5,10,0,2,0,22,74,35,10,73,0,0,3,8,165,137,119,1,2,2,0,0,0,4,0,0,3,0,0,1,40,69,86,113,142,160,142,165,198,221,229,253,270,286
8,2,36,0,5,20,0,2,6,11,16,4,0,16,18,1,0,22,13,4,5,6,3,0,1,21,67,32,9,79,0,1,0,2,161,130,122,3,3,0,0,1,0,4,0,6,0,0,0,12,49,77,93,124,153,178,149,173,196,220,228,237,260,279
0,2,28,0,4,20,0,0,10,10,10,0,0,12,27,0,0,25,14,0,4,12,0,4,3,23,72,40,18,78,3,4,1,4,162,140,118,1,0,5,2,2,0,0,2,0,4,0,0,9,49,83,101,127,145,179,159,188,214,231,244,259,278,297
3,0,27,0,0,22,4,4,6,13,14,0,2,15,20,1,3,25,9,1,3,12,0,1,2,23,60,43,16,76,5,0,0,1,170,132,126,0,6,0,2,0,1,6,0,0,0,3,0,5,38,71,94,129,153,182,153,180,194,221,232,246,266,285
5,0,30,6,0,22,4,0,4,5,15,4,4,11,23,5,0,26,12,3,5,13,0,1,4,22,66,39,10,71,3,3,3,6,171,137,124,1,2,3,0,2,1,2,3,1,3,1,0,0,27,67,91,123,152,182,162,182,192,215,229,252,269,282
15,0,35,3,0,18,5,0,10,11,9,3,0,16,22,2,0,22,7,0,3,12,1,4,0,16,57,39,9,87,11,4,0,2,144,126,132,3,6,0,8,2,0,5,0,0,2,1,0,6,35,61,86,110,147,174,137,168,190,209,219,247,262,272
6,0,40,0,0,19,0,0,3,10,17,0,3,17,11,0,5,25,8,4,9,12,3,0,0,27,70,44,17,103,2,0,0,14,146,128,123,0,3,1,0,4,0,4,5,4,6,0,0,1,46,83,100,122,156,184,166,191,201,228,228,243,256,286
2,3,28,1,4,21,1,2,6,13,15,0,3,16,18,0,3,21,12,6,8,12,3,0,3,23,84,47,18,136,1,1,2,0,113,115,131,3,5,0,0,2,5,3,1,0,0,1,0,0,34,66,88,122,151,174,152,179,199,224,230,239,263,283
8,0,36,3,1,18,4,0,10,12,18,4,4,17,19,2,1,37,14,3,9,9,0,3,2,25,82,51,9,157,0,4,0,2,122,104,131,1,5,0,3,0,4,2,5,4,0,0,0,5,39,74,92,113,145,169,155,185,194,223,231,253,261,292
5,5,32,0,5,19,1,3,12,13,18,4,4,18,26,3,0,24,14,0,10,10,3,0,0,25,91,52,22,164,0,0,0,2,121,91,123,0,6,0,2,5,1,3,4,0,2,0,0,4,32,62,83,115,137,169,154,179,200,226,236,255,277,289
0,4,36,0,0,24,0,3,9,12,18,4,0,14,20,4,2,23,23,6,5,14,0,5,2,25,84,47,16,145,13,3,4,1,106,83,122,6,0,0,0,1,0,0,0,0,0,5,0,3,39,78,97,126,150,172,159,178,192,221,227,256,266,280
1,2,36,4,0,17,0,3,6,12,21,6,4,19,29,0,0,30,15,3,13,17,0,3,0,28,90,43,12,150,4,1,1,0,95,85,115,5,3,0,0,1,5,4,0,12,0,5,0,7,40,72,90,124,153,180,153,175,201,225,227,254,270,289
6,0,34,1,2,27,4,4,9,11,25,2,0,12,21,0,0,21,17,8,13,13,4,1,0,27,95,51,15,140,0,0,0,5,111,99,119,0,4,0,0,5,6,0,0,4,0,5,0,5,35,63,82,118,147,176,152,173,203,218,229,250,269,288
0,1,33,0,3,28,0,0,5,6,25,11,3,25,19,0,2,27,18,9,12,12,1,0,2,26,89,42,18,140,0,0,0,8,102,95,123,1,4,7,0,1,0,2,0,0,0,7,0,10,48,82,94,121,145,168,149,176,193,205,218,232,261,279
7,5,42,0,13,25,0,0,6,12,20,10,6,16,33,5,0,29,14,8,11,17,5,5,0,26,91,48,15,136,0,0,0,3,110,98,118,1,0,0,0,0,2,1,4,4,2,0,0,9,38,72,78,114,131,164,147,172,200,217,231,245,265,287
7,0,40,1,4,27,2,4,5,17,24,0,0,21,20,0,0,27,17,2,11,8,0,3,2,21,93,47,14,136,0,0,0,5,111,87,117,0,0,0,0,0,5,0,2,1,6,1,0,4,38,80,90,117,141,179,158,184,198,226,215,242,256,266
2,0,36,0,0,30,2,0,9,13,25,5,7,20,26,5,0,27,16,0,8,10,0,2,0,26,96,43,18,147,2,5,1,1,108,95,111,2,4,4,4,1,0,4,3,0,2,4,0,5,44,78,88,120,146,177,155,179,203,228,228,244,251,281
6,0,38,0,0,19,6,0,11,16,25,5,5,20,21,0,3,32,24,5,15,20,1,4,0,30,93,53,20,160,0,6,0,3,86,66,105,6,1,1,0,1,0,2,0,2,0,1,0,12,41,84,98,133,153,186,161,180,200,223,236,247,270,280
0,4,47,0,0,21,1,0,7,16,27,5,7,28,31,0,5,32,16,7,14,6,2,2,0,29,88,44,12,163,0,7,0,0,59,58,82,5,0,4,0,0,2,4,2,2,3,2,0,1,34,71,82,114,134,167,146,180,200,220,230,244,258,274
9,4,41,3,0,29,0,0,9,11,26,7,4,31,21,0,2,33,25,8,11,14,4,2,0,28,83,42,15,155,1,1,6,0,56,57,71,2,3,0,2,1,0,2,1,0,5,1,0,1,39,71,83,120,135,167,148,179,198,221,225,244,262,288
6,3,54,0,3,27,1,0,4,19,26,5,2,33,23,0,0,34,25,8,16,14,3,0,14,30,87,45,22,152,0,1,0,0,61,62,76,3,5,2,1,5,0,0,0,0,4,1,0,6,41,67,88,122,143,171,148,181,198,222,227,252,268,285
8,1,53,3,0,32,0,0,6,11,35,11,6,23,19,2,5,26,28,8,17,20,0,3,0,23,95,41,19,146,3,4,5,5,70,58,67,0,0,1,4,4,11,0,0,1,6,0,0,2,37,69,84,107,138,170,141,170,187,220,227,249,264,279
10,0,52,0,5,31,3,3,12,14,26,10,0,27,22,1,0,36,24,4,18,23,1,3,2,26,93,38,13,148,0,3,0,6,71,72,76,0,0,1,4,0,5,0,0,0,3,0,0,11,41,74,83,124,149,182,155,180,203,223,230,254,262,286
7,0,48,0,5,29,0,3,11,21,25,9,5,29,34,1,1,35,25,5,21,15,0,4,0,19,89,38,19,128,1,0,5,0,64,72,84,0,0,1,0,5,0,1,1,3,5,0,0,3,47,77,84,123,148,180,159,181,210,236,240,263,280,295
6,0,47,2,2,31,2,0,10,20,28,8,0,20,21,0,0,30,26,8,13,20,0,6,0,28,89,45,23,140,0,4,4,1,67,70,85,4,5,0,0,0,2,3,6,0,1,0,0,3,47,85,100,132,150,172,154,181,199,221,229,245,264,289
1,0,56,3,0,32,0,0,10,22,35,11,0,27,35,3,3,27,22,7,11,22,4,3,0,23,95,50,19,138,2,0,0,3,72,59,85,0,0,0,0,2,0,5,0,0,1,3,0,1,40,69,78,117,143,174,148,170,190,218,219,243,258,276
7,0,43,0,4,26,4,0,8,22,33,3,9,23,24,1,0,32,27,4,20,20,0,0,0,31,93,43,19,136,6,1,5,5,72,68,83,0,0,0,0,0,0,0,5,6,0,0,0,6,44,74,88,120,142,167,147,176,187,213,225,241,254,275
6,1,53,0,3,33,0,0,8,17,29,6,6,21,28,4,0,29,24,5,14,15,0,0,2,28,94,50,21,142,1,0,0,4,78,70,84,5,0,11,4,0,0,0,0,0,0,0,0,3,41,75,81,111,138,171,151,176,199,228,235,245,260,284
7,0,56,0,0,28,2,2,13,19,33,7,3,24,20,0,1,27,19,8,19,16,3,2,4,28,92,49,22,141,0,0,1,0,71,60,86,5,0,5,0,1,3,0,2,1,5,4,0,1,38,73,92,125,151,178,151,184,206,230,240,254,273,285
7,0,46,4,4,30,4,1,7,17,30,8,5,29,35,0,1,35,22,8,18,18,4,3,4,28,93,50,22,148,0,0,1,0,67,65,88,5,3,2,0,0,3,0,0,0,0,1,0,5,35,63,84,114,154,178,156,182,210,228,235,255,278,288
5,0,60,3,0,36,0,3,2,14,29,8,8,36,27,1,0,34,16,2,18,23,0,0,4,27,89,49,22,133,3,3,4,0,75,62,85,0,0,0,0,2,2,0,3,4,5,3,0,9,45,81,98,127,149,166,143,176,202,216,214,240,261,286
7,0,47,0,0,30,1,0,10,15,29,7,6,31,31,2,0,33,27,9,16,17,4,2,6,31,90,56,20,134,5,2,0,0,81,69,79,0,4,5,4,1,2,4,0,2,0,0,0,0,36,76,90,120,149,169,157,175,202,226,218,239,257,270
11,3,39,0,0,29,4,0,13,21,27,8,5,33,33,0,0,26,27,0,22,13,2,0,4,32,87,51,15,136,0,0,0,0,69,71,91,1,0,2,2,5,0,0,0,0,0,0,0,3,34,65,89,118,141,168,153,174,193,224,230,251,268,284
3,0,48,0,2,30,0,0,13,20,36,6,0,34,19,5,0,33,28,3,16,20,1,1,0,38,90,56,14,118,3,0,0,0,72,60,94,0,5,0,4,4,0,5,0,0,1,0,0,3,39,69,86,118,147,177,156,172,192,217,220,235,251,281
12,0,42,2,0,21,0,0,10,18,31,9,1,33,28,2,0,31,23,10,17,21,1,0,4,26,97,58,18,98,0,0,0,0,79,71,89,1,5,2,1,4,0,4,0,0,4,4,0,6,33,73,91,119,149,177,156,184,211,231,229,251,272,289
6,0,48,2,0,32,6,4,13,14,35,7,5,37,20,0,2,31,27,7,19,21,3,1,0,21,95,53,24,111,1,1,0,3,84,71,99,2,4,1,2,4,2,1,1,0,0,4,0,6,41,68,92,112,141,158,146,155,187,203,216,235,258,281
10,3,46,2,0,20,4,2,4,18,28,5,7,36,29,0,3,33,20,5,21,21,0,5,0,25,92,56,25,101,0,0,0,0,71,78,96,0,4,0,0,0,6,0,2,0,0,0,0,3,34,77,88,113,145,169,149,179,193,225,234,255,274,287
13,3,52,5,2,21,1,2,8,9,29,0,8,29,26,1,0,35,21,9,20,18,2,0,5,25,94,59,24,110,0,0,0,0,82,68,91,4,2,0,2,2,0,1,2,1,0,2,0,5,33,71,86,119,138,172,151,166,191,214,241,252,271,294
10,0,48,3,6,23,0,4,9,14,26,9,2,36,31,2,0,29,26,5,24,20,1,0,3,31,93,50,19,109,0,0,0,5,82,74,84,0,0,0,0,0,1,0,4,0,0,5,0,11,46,83,97,133,155,185,159,188,212,235,226,253,272,289
9,3,48,0,3,30,0,1,14,11,31,5,6,38,30,3,0,33,25,5,22,12,3,0,0,31,95,57,20,108,0,4,2,3,82,81,99,2,0,3,2,0,6,0,0,0,2,3,0,8,36,62,84,116,136,174,144,168,193,210,219,243,252,274
14,0,48,0,1,26,3,1,9,19,31,10,0,37,31,1,0,37,24,11,24,20,1,0,3,32,98,60,13,109,1,0,0,0,73,79,94,0,3,6,0,0,1,4,0,3,0,4,0,4,30,74,86,109,134,172,150,181,203,217,232,249,262,279
6,6,44,2,3,29,0,2,4,18,25,9,5,36,32,0,0,32,27,7,25,19,0,0,0,22,91,62,21,104,2,3,5,0,82,71,101,1,1,0,0,0,4,2,4,0,0,0,0,3,31,76,80,115,142,169,152,170,198,220,226,243,259,282
14,0,56,0,4,28,0,5,8,22,23,9,5,40,23,1,0,36,24,12,20,24,0,0,0,32,86,62,23,116,3,0,0,3,75,84,99,0,2,2,0,0,0,0,0,2,0,0,0,0,31,64,79,110,133,166,148,170,198,216,225,241,264,274
11,0,49,1,1,30,4,3,12,16,22,10,7,30,33,0,2,33,26,9,13,22,0,3,2,29,95,60,14,113,3,0,4,6,88,78,101,0,3,0,5,3,2,0,2,0,3,5,0,3,32,61,89,115,143,161,151,170,196,214,222,246,257,281
11,0,52,4,0,34,0,0,8,14,35,4,4,35,21,0,1,26,27,6,18,20,3,2,0,28,87,59,16,106,0,0,0,0,84,82,103,1,0,3,0,2,1,5,0,0,4,0,0,12,49,79,96,127,156,174,154,186,210,230,233,259,275,295
13,5,51,2,3,34,3,0,11,14,25,3,5,30,19,0,2,32,21,10,21,21,2,2,0,25,90,62,18,114,0,2,1,0,78,87,96,0,1,0,0,3,0,0,0,0,5,4,0,2,33,72,89,120,153,165,159,182,201,227,230,246,263,285
11,0,43,1,0,33,0,1,4,17,30,10,9,46,31,0,2,26,23,5,15,17,2,3,0,26,85,57,22,111,0,0,0,2,82,78,106,3,0,2,0,4,4,1,0,7,0,0,0,11,43,73,97,126,152,181,154,179,204,226,236,260,268,289
13,0,49,0,1,31,0,2,4,19,32,7,10,38,27,1,3,33,28,4,21,12,0,0,0,27,86,62,17,116,5,2,4,4,88,85,92,0,4,0,0,4,4,3,1,0,1,9,0,13,50,82,105,133,157,182,161,189,198,226,237,250,271,287
12,5,45,0,3,25,4,2,2,16,27,7,4,28,24,3,1,35,24,4,25,18,2,0,3,26,89,63,17,116,3,0,0,0,85,87,93,1,0,0,0,1,0,0,0,0,0,2,0,3,34,76,89,110,148,175,149,180,200,226,227,248,269,281
7,0,46,0,4,27,3,3,8,23,33,1,7,34,25,4,3,36,25,0,25,23,0,2,0,28,83,64,21,114,0,3,0,0,87,88,103,0,1,4,3,2,1,5,0,1,0,2,0,5,35,70,89,126,153,178,160,187,198,227,235,252,270,284
14,0,47,2,0,30,4,2,7,25,33,9,5,37,33,0,1,37,24,9,21,12,5,0,0,27,85,60,23,111,0,0,0,4,90,82,101,0,6,3,4,1,0,0,0,4,0,2,0,13,43,82,101,129,155,181,156,184,212,224,242,261,278,286
12,0,50,2,0,28,0,4,9,20,26,3,5,34,17,5,0,26,24,4,22,19,2,4,4,32,88,60,21,121,3,1,0,0,83,82,100,1,1,1,0,1,5,2,0,0,0,2,0,5,37,68,90,122,150,171,143,170,197,220,222,243,256,280
9,0,50,0,1,27,0,2,6,19,28,10,9,32,21,4,1,35,25,0,16,21,0,2,0,31,88,64,14,116,1,4,0,0,84,77,103,3,2,2,5,7,5,6,0,0,2,0,0,5,33,71,93,115,142,169,149,182,201,226,230,249,271,286
12,0,47,0,0,20,5,4,10,22,30,8,6,27,32,0,1,31,16,10,24,22,4,0,0,27,88,62,17,118,0,0,0,0,87,89,106,5,4,0,0,1,7,6,1,3,4,5,0,6,28,62,83,106,136,165,148,177,195,224,217,248,263,274
8,3,48,4,4,30,0,3,7,20,25,3,3,33,26,0,2,33,28,9,19,21,4,0,0,28,93,64,21,121,4,0,0,0,90,86,101,0,4,5,0,3,1,0,0,0,0,2,0,10,40,83,101,131,153,188,167,191,204,229,241,263,277,283
8,1,45,3,0,24,0,5,7,23,30,5,0,32,24,1,4,27,16,11,16,15,5,0,3,29,93,65,16,114,0,2,0,0,89,75,103,2,0,0,0,0,0,5,3,2,0,1,0,1,38,75,94,122,155,174,154,176,193,219,225,249,272,283
11,4,48,0,1,28,3,5,8,19,24,7,2,27,22,3,1,24,26,11,19,21,4,1,0,31,89,67,22,112,1,0,1,2,77,83,103,0,0,1,5,0,0,0,1,3,4,0,0,4,42,76,100,128,155,173,159,181,205,222,236,252,264,277
6,5,45,5,0,28,0,0,6,10,29,1,0,35,33,0,1,23,23,1,23,23,2,3,1,29,93,58,25,121,1,4,1,0,88,85,98,0,3,0,1,0,0,3,0,0,0,0,0,0,36,69,81,102,137,164,149,173,200,220,230,255,262,286
11,0,43,0,0,28,1,2,8,14,26,9,9,31,22,0,0,30,14,12,23,16,0,0,0,29,92,68,19,122,0,0,1,2,79,78,99,0,3,4,5,0,0,3,1,0,0,5,0,5,36,80,96,114,152,180,159,185,201,230,230,250,277,288
12,3,38,0,2,24,2,3,8,18,23,9,7,31,25,1,0,30,21,8,16,19,7,0,0,20,90,66,26,125,4,0,4,6,77,86,108,5,0,1,0,0,4,0,0,1,2,0,0,5,38,74,87,125,146,179,157,179,202,213,230,247,265,283
11,0,49,1,3,18,1,5,11,19,27,16,9,40,26,5,0,34,25,8,19,21,0,0,0,26,84,64,19,124,0,2,4,3,78,80,105,3,0,0,0,0,0,2,1,0,4,3,0,6,38,65,85,120,149,170,153,170,196,218,225,238,259,285
4,0,48,4,0,22,0,0,12,19,21,5,4,29,31,4,0,33,19,8,14,20,4,0,4,25,95,75,16,129,2,1,0,2,92,93,112,1,0,1,6,6,0,3,0,6,0,0,0,0,23,63,81,114,134,170,151,180,200,221,228,241,264,273
9,2,43,0,0,27,0,2,8,11,26,0,2,30,21,0,4,42,14,6,17,14,0,0,0,26,91,68,22,129,4,0,1,1,88,95,109,0,3,4,0,0,4,0,0,0,1,0,0,5,40,70,90,127,147,177,157,176,209,225,232,250,263,285
7,6,43,0,0,24,0,3,8,19,24,10,6,29,35,3,2,31,17,7,12,21,2,11,2,23,82,59,30,145,15,0,0,6,84,89,106,3,0,1,0,2,0,0,2,4,0,0,0,4,31,73,90,128,150,173,155,177,198,228,236,261,267,289
5,0,47,3,0,25,0,1,7,14,26,5,7,35,24,0,0,27,15,5,19,23,0,4,0,25,88,66,21,145,2,2,0,0,86,91,114,0,0,6,3,0,0,0,2,5,0,1,0,4,38,67,95,115,147,178,152,178,200,218,230,252,269,279
5,4,48,0,3,19,0,0,6,18,27,8,1,26,18,2,3,26,19,11,34,17,3,6,0,16,77,67,16,144,4,0,0,3,74,92,119,0,0,2,0,6,2,0,4,0,4,0,0,5,42,78,98,121,152,180,157,184,196,219,238,244,271,286
10,0,41,0,0,24,0,0,12,20,23,8,5,30,20,0,4,28,20,6,19,23,0,1,1,22,91,72,20,145,0,0,3,5,87,97,118,0,5,5,4,0,4,0,0,0,1,6,0,8,33,74,93,127,158,165,148,168,199,220,232,244,263,278
5,0,38,0,1,37,2,2,6,12,17,7,2,27,18,0,1,21,16,5,19,17,0,3,0,14,92,80,20,144,0,3,0,1,90,100,125,0,0,0,0,0,4,4,3,0,0,2,0,5,45,80,91,124,154,175,159,186,200,225,234,249,269,290
3,4,31,0,0,20,0,1,14,20,11,6,6,25,29,0,0,24,18,6,13,13,0,0,0,30,96,72,14,119,0,0,0,0,115,102,119,1,1,0,0,0,0,0,4,3,2,0,0,7,42,66,81,113,142,168,135,171,194,220,226,237,258,278
2,0,38,5,5,20,0,1,11,20,24,3,10,25,20,0,2,24,13,9,15,19,0,0,4,29,98,75,16,97,0,5,0,0,108,93,115,0,5,3,0,6,4,0,5,2,2,0,0,13,34,68,80,123,148,175,156,177,205,226,226,246,261,282
10,1,39,3,1,27,0,0,13,15,19,0,0,26,27,5,2,19,14,4,13,22,0,0,0,25,80,58,11,128,2,5,2,1,96,97,116,0,2,0,0,0,0,3,0,2,0,1,0,0,30,54,71,105,134,150,146,155,191,207,217,239,250,274
0,2,43,0,0,26,0,3,14,14,25,3,5,30,22,1,1,35,15,7,15,20,2,2,0,28,84,61,11,127,5,0,1,3,83,97,118,1,11,0,3,14,0,0,3,2,0,3,0,5,39,79,92,121,146,176,150,180,192,213,213,242,262,279
10,0,45,4,0,29,0,4,8,12,19,9,5,27,22,0,1,28,13,5,16,19,1,1,1,24,81,59,17,133,3,5,0,0,90,86,121,3,7,1,3,4,4,0,2,0,0,0,0,5,41,71,92,121,147,173,159,178,203,224,232,256,268,291
10,0,43,1,4,29,0,0,5,18,15,6,3,36,18,0,0,20,28,8,18,23,0,1,0,30,88,57,11,120,1,1,0,0,94,91,121,1,0,0,4,0,0,0,0,3,4,0,0,1,42,78,100,127,144,170,153,171,194,217,225,245,261,282
3,0,39,0,0,30,0,2,8,18,21,7,4,26,32,0,2,26,26,10,16,19,4,2,4,31,100,70,12,93,3,0,0,3,113,103,113,1,0,0,2,2,2,0,2,5,0,1,0,6,40,71,92,118,146,175,153,178,210,224,236,256,266,296
8,0,35,0,5,24,1,5,11,12,19,8,6,34,16,0,0,27,16,7,11,20,0,4,1,32,99,78,15,98,0,0,0,0,112,105,102,0,5,2,5,0,0,4,0,0,5,0,0,5,35,73,93,121,147,178,156,179,205,227,230,252,266,279
3,3,37,0,3,26,4,4,3,20,17,5,2,23,22,3,3,29,25,6,12,16,0,0,3,32,108,69,18,88,1,0,3,4,122,103,119,5,0,0,0,2,0,5,5,4,0,2,0,3,44,71,93,120,151,172,154,176,206,224,227,257,268,289
5,0,36,0,0,25,0,0,8,14,14,0,5,19,21,3,0,23,21,12,17,13,0,2,4,29,99,77,20,98,2,0,0,0,121,112,110,1,0,0,0,0,1,2,6,0,1,0,0,8,33,72,79,111,132,150,136,157,181,210,211,230,257,271
0,0,30,0,0,27,4,4,11,21,16,7,5,28,23,0,0,25,24,8,18,20,0,2,3,24,109,75,22,84,0,1,0,4,122,111,117,1,0,5,1,0,8,0,0,6,0,0,0,11,43,72,89,129,152,173,159,191,201,224,237,254,262,283
3,7,36,3,0,24,6,4,11,16,15,7,2,23,24,4,6,24,14,0,15,15,2,1,0,28,112,76,17,89,0,5,9,0,129,113,118,1,0,4,0,1,1,0,0,1,0,2,0,8,36,68,84,109,140,164,142,162,192,211,227,244,258,273
4,4,32,3,0,23,1,0,12,17,17,3,0,25,26,0,0,20,7,9,7,18,4,1,2,18,93,68,12,119,0,4,0,6,116,117,128,0,0,3,2,2,0,0,0,2,3,0,0,1,39,70,87,119,141,166,144,172,188,219,215,248,264,275
5,4,35,0,0,25,1,3,3,18,16,0,4,26,20,0,2,23,14,6,11,15,2,1,3,22,100,64,20,93,1,1,6,6,138,120,136,0,0,1,0,0,0,0,2,1,1,2,0,5,35,70,89,121,145,171,155,174,199,223,233,250,273,287
5,0,33,2,3,26,0,1,6,10,16,4,3,17,23,1,4,20,7,3,5,14,0,2,3,20,100,74,14,106,3,0,0,0,141,123,133,0,1,0,1,4,0,0,5,16,0,0,0,13,45,83,98,129,152,177,167,189,208,233,235,260,271,284
5,5,32,0,3,18,0,0,4,8,13,3,0,17,20,3,4,13,6,4,11,15,0,3,0,16,95,66,20,106,0,0,5,0,138,128,137,2,1,0,5,2,5,0,1,2,1,0,0,8,38,70,86,118,148,183,158,189,212,225,237,254,263,280
0,4,43,4,0,13,1,0,9,16,16,1,1,19,18,0,3,14,4,7,10,17,0,0,0,14,95,65,23,104,2,3,1,6,122,115,134,5,0,0,3,0,5,6,0,4,0,3,0,11,41,77,99,129,145,170,151,181,202,215,219,247,261,276
6,0,39,0,2,24,0,0,7,8,13,0,5,22,27,0,3,19,10,3,6,20,0,0,0,14,74,73,24,131,2,1,0,0,124,128,143,2,2,4,1,0,3,4,1,0,0,2,0,10,46,76,93,130,157,181,163,191,214,233,242,260,280,294
0,2,43,5,0,21,3,0,6,15,6,3,0,22,22,0,0,14,10,0,14,11,0,3,1,12,82,63,18,112,1,3,0,0,134,127,147,5,0,2,1,4,0,5,0,0,0,0,0,4,38,70,97,126,150,165,153,178,205,223,227,249,265,288
2,2,43,0,3,22,3,2,0,14,9,2,0,19,26,0,0,10,4,2,13,17,4,0,3,19,92,71,21,121,3,3,0,6,133,124,147,4,0,0,0,0,0,0,4,0,3,3,0,0,31,67,82,116,141,171,155,177,193,219,220,252,271,281
3,5,44,1,4,21,0,0,9,8,17,0,0,15,18,0,0,19,5,4,5,20,1,0,1,19,85,71,19,119,5,2,0,0,132,117,136,5,0,3,2,5,0,4,1,4,0,0,0,6,41,79,92,127,143,177,153,187,203,225,240,253,267,291
3,1,37,1,4,17,3,3,9,15,10,0,4,23,25,1,0,18,6,2,8,17,0,4,4,15,98,70,20,130,2,2,0,0,119,122,140,0,5,4,0,2,2,2,1,3,0,4,0,13,46,78,95,120,149,178,160,187,204,232,236,256,275,292
2,0,41,0,4,17,0,0,9,11,15,1,0,29,25,0,2,17,12,6,11,17,4,3,1,17,71,70,21,138,6,0,4,5,108,118,137,5,2,1,5,0,0,1,0,0,0,3,0,10,29,72,84,119,139,168,157,176,202,221,226,252,267,287
8,4,40,0,0,14,12,0,6,9,15,1,0,24,19,0,0,21,3,5,10,19,1,0,1,19,91,65,18,108,2,0,2,0,124,125,144,4,0,0,0,5,1,0,0,0,1,6,0,3,41,72,86,119,141,173,155,184,207,224,225,248,265,287
9,1,35,0,0,23,0,0,0,17,9,0,3,22,28,0,1,18,8,4,11,13,3,2,0,16,80,73,15,128,2,0,0,0,112,119,144,3,2,3,0,0,5,0,2,0,4,0,0,4,34,71,90,109,140,159,146,163,196,215,217,244,256,269
7,2,36,3,0,21,0,0,8,17,6,3,5,19,19,1,3,16,13,3,12,16,0,0,4,27,89,70,23,106,0,1,0,0,134,128,141,0,0,0,0,4,5,2,0,4,0,2,0,0,25,69,92,116,136,161,141,164,193,215,221,244,252,271
4,0,45,4,4,15,3,4,12,11,19,0,0,19,31,0,2,22,5,5,6,15,5,3,2,25,94,73,23,92,3,3,0,3,141,125,140,2,4,5,3,0,5,0,0,5,1,0,0,5,41,64,85,116,147,172,152,177,200,219,228,249,270,295
6,4,37,0,0,16,1,0,11,18,17,0,0,21,20,3,0,21,8,2,7,11,2,2,0,19,99,71,21,122,0,4,0,5,140,140,140,3,0,3,0,0,0,0,4,0,0,2,0,7,47,81,94,126,152,173,158,177,196,222,215,245,263,282
6,0,42,0,2,14,0,0,7,16,17,0,4,17,23,0,0,18,15,0,11,16,0,0,0,17,95,77,24,125,0,0,2,2,139,132,146,0,0,1,0,0,0,6,5,0,4,0,0,4,33,65,91,124,147,166,155,186,200,223,235,257,270,288
6,3,40,1,3,16,0,4,10,18,15,2,0,23,26,0,2,21,4,2,12,15,6,1,5,20,90,76,21,120,0,2,4,2,149,137,148,0,2,0,3,0,0,0,0,3,0,4,0,5,40,71,85,114,135,169,146,176,197,221,229,252,269,279
0,3,33,0,0,23,1,2,8,16,12,4,0,16,23,4,0,22,12,0,5,20,0,0,5,15,74,70,22,136,0,2,0,1,130,134,153,3,0,2,4,2,4,0,0,0,0,0,0,3,45,77,84,114,139,162,143,169,188,210,220,238,260,280
10,0,37,3,0,24,0,0,10,9,15,4,3,26,23,4,0,18,3,0,13,20,2,3,4,17,83,76,26,142,2,3,1,3,115,123,139,4,1,0,0,5,0,2,3,0,0,1,0,9,44,83,99,115,141,179,155,179,201,230,229,250,273,292
0,0,40,2,4,16,0,3,8,18,5,0,1,19,19,0,3,21,10,1,16,21,3,0,0,17,83,75,20,145,2,0,0,2,118,123,153,0,0,4,0,0,2,0,4,3,0,1,0,6,43,77,90,118,149,171,155,170,199,218,231,251,268,285
1,0,39,3,14,22,3,0,9,17,12,5,7,16,30,2,2,17,5,1,9,18,3,0,0,18,69,71,25,164,5,2,0,0,104,119,149,0,4,4,5,0,0,0,0,1,0,4,0,1,39,71,86,119,141,174,156,180,195,228,238,251,275,293
0,0,36,0,0,23,0,0,1,15,12,3,2,17,21,15,4,20,9,7,13,24,5,1,0,17,72,71,22,131,0,0,2,0,114,124,152,0,5,4,0,0,0,0,2,0,0,2,0,11,44,72,91,112,146,176,152,180,201,222,221,246,266,286
0,0,42,3,1,16,2,3,9,18,8,0,0,19,26,1,3,14,14,0,9,16,1,4,3,20,84,72,10,126,3,0,0,0,132,131,153,1,4,3,0,2,4,1,0,0,0,2,0,12,41,79,96,122,161,183,159,188,203,228,236,260,261,285
5,0,40,3,0,18,4,6,12,18,15,2,2,19,24,1,3,22,11,6,8,11,0,3,0,16,89,73,18,92,0,0,6,5,146,137,139,0,3,5,0,0,0,3,0,1,0,0,0,6,28,72,77,109,130,150,133,165,185,214,220,233,251,264
8,0,38,3,3,16,5,3,8,17,17,4,0,13,29,0,3,24,11,1,14,16,3,0,0,23,93,77,21,108,0,0,7,0,147,134,135,1,0,0,3,0,0,3,0,6,2,0,0,3,38,73,96,126,145,173,158,184,210,228,235,259,273,287
9,3,40,2,3,18,0,0,8,15,8,0,3,21,21,0,1,24,4,0,13,8,0,3,1,21,90,78,24,98,0,4,0,4,140,138,147,0,2,5,0,6,0,0,4,1,0,4,0,9,49,74,96,120,156,181,163,188,206,232,237,253,271,291
8,3,39,0,0,20,0,5,10,18,19,0,0,17,27,3,2,16,3,8,10,16,0,0,0,20,99,76,19,97,1,2,0,0,144,140,139,2,0,0,0,5,4,0,0,0,0,0,0,2,31,63,83,109,137,169,155,178,198,218,218,242,259,280
8,0,39,3,0,17,2,4,12,18,13,0,1,17,24,0,0,17,11,2,7,10,3,0,0,13,95,70,24,107,0,1,7,4,149,143,145,5,0,2,0,0,1,4,3,0,0,0,0,6,42,74,89,118,147,173,149,174,195,228,235,255,267,280
6,3,40,3,4,12,3,4,12,14,14,4,3,19,23,3,0,22,12,2,12,10,5,0,0,20,84,83,18,113,0,5,0,6,132,136,145,1,0,0,4,2,0,1,2,6,6,6,0,0,26,65,85,115,141,171,154,168,190,217,220,248,254,286
2,0,40,0,0,13,0,0,9,19,14,7,0,10,24,3,0,21,15,0,5,17,1,0,2,17,92,78,18,79,1,0,0,0,157,145,133,0,0,1,0,2,5,1,3,0,0,1,0,15,43,80,92,126,157,174,156,181,204,228,230,251,266,278
8,0,40,0,0,15,2,0,11,15,18,3,0,16,17,2,0,22,12,0,9,13,0,0,5,28,100,66,19,62,5,3,14,5,180,144,137,0,4,0,1,3,2,0,2,1,1,0,0,7,38,75,92,114,145,177,155,182,205,228,232,251,272,291
6,4,45,1,2,21,0,11,7,18,16,0,0,15,25,0,4,25,11,3,11,6,4,0,1,23,94,68,17,97,1,0,0,5,158,144,139,1,5,2,1,0,0,0,0,4,0,3,0,14,45,79,100,131,156,178,165,191,206,234,237,265,280,299
6,4,36,5,4,15,4,3,10,16,13,3,0,16,22,1,3,26,8,1,16,12,0,3,1,25,89,75,21,97,0,1,0,2,157,147,135,0,0,0,3,3,0,4,4,0,0,1,0,6,47,78,95,128,157,182,155,177,203,227,233,253,265,295
0,0,37,0,0,12,0,0,9,13,6,0,1,23,30,0,3,19,8,0,13,8,6,0,3,18,83,73,26,110,0,2,0,4,137,146,148,4,0,0,2,0,2,0,2,0,0,0,0,13,46,80,92,116,148,170,145,180,200,228,229,253,271,283
5,2,42,2,0,17,0,0,7,12,12,0,0,15,20,0,0,21,7,0,9,18,0,1,0,17,78,76,25,120,0,0,0,0,124,139,158,0,1,0,3,0,0,0,0,0,0,4,0,7,40,70,89,117,136,167,139,170,188,220,230,242,255,282
7,2,37,0,0,11,1,1,9,17,6,0,4,25,22,0,4,20,9,3,9,19,1,0,2,10,65,73,13,129,2,1,3,1,128,140,160,0,1,5,3,0,0,2,0,1,0,0,0,0,30,71,88,115,143,170,148,167,183,215,216,237,255,273
4,4,38,0,1,14,1,2,10,9,7,5,3,23,16,0,3,15,10,3,5,17,0,3,2,12,61,66,20,146,0,2,5,0,125,130,158,14,0,0,0,0,0,0,0,0,5,5,0,12,48,81,88,123,139,174,144,168,187,215,217,238,248,278
7,0,25,2,1,16,2,1,5,10,1,1,0,24,15,0,0,11,11,0,14,11,0,0,0,6,66,66,22,159,1,1,3,0,116,130,163,1,0,1,1,0,5,4,0,0,3,0,0,0,36,60,85,121,142,175,156,170,188,218,218,236,257,271
4,0,34,3,0,16,0,2,6,8,7,1,2,20,32,3,3,16,11,5,6,18,5,2,0,3,57,69,19,158,0,3,0,4,122,136,160,3,0,5,0,2,4,0,3,1,0,4,0,3,39,63,81,112,134,162,139,166,196,211,207,227,251,266
4,0,35,2,0,19,3,2,6,11,7,0,3,23,20,0,0,14,2,0,16,16,0,0,0,8,55,83,23,143,4,0,5,1,80,122,168,1,1,1,4,4,4,0,0,0,1,0,0,5,35,74,90,120,136,163,142,170,193,212,218,232,257,277
0,0,33,2,0,20,0,3,12,14,7,13,3,19,31,0,0,26,13,2,11,8,2,0,1,27,86,65,15,95,5,0,0,5,136,135,143,1,2,1,1,2,0,3,4,1,0,0,0,5,41,75,91,124,151,179,147,178,205,227,230,253,267,288
5,0,41,0,0,20,0,0,0,6,13,4,2,17,21,2,0,16,10,0,10,13,3,0,0,19,70,68,23,109,0,5,0,0,125,129,158,0,4,0,2,1,6,0,2,1,0,0,0,0,31,62,88,119,142,179,138,166,193,214,225,240,263,271
4,0,36,0,3,12,0,5,9,13,17,0,1,14,30,4,1,21,13,1,12,16,5,4,0,29,86,76,21,144,0,0,0,0,122,135,161,4,0,6,2,3,0,1,2,0,0,0,0,6,46,83,95,125,151,172,159,187,211,231,235,261,273,291
7,1,34,0,3,16,2,3,5,6,7,4,1,18,21,1,3,20,12,1,13,16,4,0,1,29,94,80,15,94,3,0,3,5,158,142,151,0,0,0,4,2,0,5,0,0,5,4,0,4,35,73,93,121,145,170,153,176,198,217,231,250,273,291
0,0,37,2,1,18,1,0,12,14,16,2,1,20,29,3,3,25,15,2,13,19,2,4,0,24,94,81,13,115,0,0,0,0,141,141,150,5,4,0,3,4,0,4,4,0,1,0,0,0,33,73,91,120,140,170,151,170,192,212,210,237,252,270
1,2,36,3,1,17,0,0,11,15,13,0,0,21,19,0,0,26,11,1,14,20,4,3,3,20,88,75,23,109,0,0,0,5,151,141,147,0,1,1,1,0,3,0,6,0,0,4,0,8,31,64,91,119,137,172,149,177,189,222,220,252,269,291
9,2,39,4,0,23,0,0,13,15,13,0,0,20,24,0,0,24,17,0,11,18,2,1,0,25,93,70,15,100,0,3,0,3,153,145,146,0,2,7,0,0,3,0,1,0,4,0,0,4,39,78,94,124,153,183,149,185,208,227,224,243,261,282
5,0,37,0,0,12,4,0,7,6,16,0,5,21,26,0,0,23,16,3,18,11,1,1,0,21,95,77,12,107,5,0,3,2,155,136,147,3,4,0,0,2,4,0,0,0,1,0,0,8,42,74,91,115,147,171,143,171,203,219,230,251,269,282
6,0,34,0,3,13,2,5,8,8,10,3,4,18,24,0,0,23,12,1,17,20,4,0,4,18,89,73,20,113,2,2,1,0,143,157,150,0,4,1,0,0,0,4,0,1,0,1,0,3,35,76,93,119,144,172,146,172,200,217,226,253,273,286
4,1,36,3,4,17,6,2,10,6,12,0,0,13,19,0,3,17,9,4,13,16,2,0,0,16,78,77,21,127,1,1,0,5,136,150,157,0,6,3,5,2,1,0,1,0,0,0,0,4,41,74,87,121,146,166,148,176,199,215,230,245,268,287
4,0,36,0,1,19,2,2,4,11,5,0,2,21,19,4,0,18,12,3,12,16,0,2,1,5,70,72,32,158,4,0,5,5,111,132,153,2,3,1,4,3,2,0,0,4,5,3,0,8,39,74,93,129,155,170,161,182,190,222,222,242,273,284
9,0,31,0,4,20,2,0,0,13,11,2,0,22,22,3,1,6,10,0,11,17,0,0,0,14,69,72,12,143,0,0,0,0,142,148,161,1,1,0,0,3,0,2,0,13,4,0,0,10,42,70,94,125,154,162,143,176,200,219,226,241,264,277
2,1,31,0,0,14,0,2,7,8,14,0,0,20,24,0,5,17,3,0,5,10,2,0,5,9,60,74,23,144,2,1,5,0,138,133,163,0,0,0,0,0,1,5,4,0,2,1,0,9,38,80,98,122,150,175,147,165,184,214,210,232,250,266
6,0,26,3,6,16,3,0,10,10,4,3,1,17,27,3,3,15,10,1,12,9,4,0,3,15,73,69,20,134,0,0,0,0,138,142,154,0,0,4,4,0,0,4,3,0,0,6,0,2,29,65,91,117,143,171,153,179,204,227,231,255,265,288
1,1,30,0,3,12,4,4,11,12,13,5,0,14,29,0,0,20,8,0,12,31,4,0,1,8,71,69,21,133,4,1,1,0,138,136,164,0,0,0,3,0,5,0,5,3,0,4,0,13,47,83,100,132,153,181,157,184,199,230,239,251,274,291
6,1,32,1,1,16,0,2,11,15,9,2,3,21,16,0,0,14,12,0,10,17,0,3,0,14,72,64,22,118,0,1,2,0,150,137,155,1,1,1,2,2,1,0,1,2,4,0,0,14,45,74,94,123,145,177,152,181,205,221,235,258,279,290
19,0,34,4,4,20,0,2,9,12,13,0,2,21,28,2,1,19,12,0,9,21,4,0,0,14,66,69,25,125,1,0,5,0,139,144,159,0,0,4,0,3,0,0,4,3,3,2,0,7,45,72,95,128,151,180,160,185,209,230,239,260,280,291
9,1,25,0,3,23,2,0,5,13,13,0,0,18,10,0,0,15,8,1,15,18,0,0,0,15,73,76,20,120,1,0,0,5,140,146,160,0,2,4,0,0,0,0,3,0,0,1,0,11,41,80,93,126,152,183,155,180,203,230,234,251,277,291
8,0,26,0,0,14,1,2,10,9,13,0,0,19,17,0,0,11,8,4,23,13,3,4,1,18,68,66,23,126,3,6,0,0,142,144,150,0,1,0,1,0,0,0,2,0,0,2,0,3,35,74,85,112,139,171,146,174,198,215,223,246,267,287
7,3,33,1,0,17,0,2,10,5,16,0,2,19,23,0,4,14,9,4,6,14,0,0,0,11,70,76,25,130,1,1,2,7,135,141,162,0,8,0,0,1,0,3,0,5,0,2,0,5,39,81,98,128,148,180,158,175,204,227,245,251,272,279
6,0,26,0,0,12,4,4,2,5,12,0,2,19,27,5,0,21,2,3,10,16,4,0,3,6,66,70,20,135,1,1,4,3,134,141,157,2,2,4,0,0,1,0,1,3,0,0,0,4,42,60,85,112,145,161,154,176,194,218,228,247,259,284
9,0,33,0,3,20,0,0,10,13,8,0,2,13,20,5,0,22,8,0,13,18,2,2,2,9,75,72,18,123,0,0,4,1,143,142,164,0,0,0,3,3,0,2,1,6,4,5,0,0,35,70,87,110,141,169,147,166,184,221,224,250,261,283
6,0,34,0,0,21,3,0,6,5,7,0,5,19,25,0,3,17,9,3,12,15,0,0,0,10,73,67,23,131,3,0,4,0,147,146,162,0,0,0,2,6,0,0,0,0,3,0,0,14,49,82,98,127,153,173,152,182,205,227,236,250,257,283
5,11,32,4,0,12,5,7,5,13,13,0,2,18,23,0,0,19,10,4,9,11,0,4,0,18,68,80,23,116,1,4,0,6,151,129,152,1,1,1,0,3,5,0,0,2,4,0,0,0,32,60,73,106,136,156,138,155,187,202,219,237,260,283
12,0,30,1,0,12,5,4,5,4,10,3,2,17,21,0,4,23,3,0,12,13,3,3,0,11,74,76,21,116,1,4,2,1,156,135,145,4,3,4,2,4,2,0,2,0,3,0,0,4,38,66,88,113,136,156,134,166,187,209,212,234,249,270
5,4,31,0,1,17,3,4,4,8,14,4,2,17,25,4,4,20,9,8,15,16,0,3,1,11,89,72,25,112,1,3,0,0,137,133,141,1,4,0,2,4,0,5,1,0,4,0,0,0,28,63,79,101,133,158,141,164,191,215,219,240,259,284
11,0,31,1,3,13,2,0,8,10,1,1,0,10,21,1,2,19,15,0,11,9,0,5,1,22,86,78,20,122,4,3,0,5,140,134,155,4,0,2,0,3,0,4,0,2,0,0,0,5,36,66,92,118,143,167,149,175,200,225,231,254,266,285
10,3,33,0,4,18,0,5,3,15,14,3,4,20,27,2,3,24,4,5,7,16,0,3,4,18,88,79,21,112,1,3,0,0,154,144,143,3,0,1,1,2,0,0,2,2,0,1,0,0,28,67,77,116,140,170,136,171,191,221,230,240,256,274
3,3,28,4,0,19,2,0,14,15,10,3,0,19,18,1,6,20,8,0,9,21,1,0,0,16,87,77,20,117,0,2,2,0,155,145,156,0,0,1,2,1,1,0,0,2,5,0,0,7,43,75,93,122,150,182,158,183,197,226,232,245,265,286
4,0,38,3,0,18,0,0,11,14,7,0,6,13,32,0,3,18,10,0,16,21,0,0,2,11,80,74,16,137,3,2,0,4,140,139,159,1,0,5,2,5,3,6,1,0,5,2,0,5,40,75,90,116,136,166,150,185,207,231,232,251,266,287
9,0,25,0,2,21,2,0,10,8,5,2,2,22,20,0,2,13,7,0,9,18,1,1,0,13,63,74,23,170,0,1,0,0,99,123,163,0,0,0,3,2,4,3,1,0,3,0,0,4,40,77,98,128,143,179,156,181,200,220,219,251,263,287
8,1,28,2,0,15,0,3,10,7,9,0,3,24,29,0,1,17,9,4,6,15,4,0,1,0,54,66,14,175,5,1,0,0,103,129,173,0,0,2,2,0,7,1,0,0,0,5,0,2,37,72,94,124,155,173,152,172,201,229,233,248,269,292
6,0,30,2,5,17,0,2,1,20,5,4,0,25,14,3,0,15,8,2,16,17,4,0,1,1,57,65,18,173,0,0,3,12,105,125,169,0,3,0,2,0,2,7,0,5,0,0,0,5,44,81,98,129,147,173,151,175,198,220,220,252,269,292
5,0,29,0,0,29,4,1,7,10,1,0,3,17,23,0,3,18,10,7,14,13,4,3,0,13,58,72,19,149,0,1,3,3,132,132,165,0,0,4,0,6,2,0,0,4,4,0,0,4,27,67,81,115,144,173,151,177,198,221,225,250,264,279
11,0,30,0,1,10,0,0,12,12,11,0,0,13,15,0,2,17,6,8,9,13,0,4,4,15,82,66,22,96,0,0,0,5,145,152,148,3,9,0,0,3,1,4,0,1,1,0,0,6,36,79,96,124,150,179,154,179,197,215,228,255,272,283
0,3,32,3,0,14,0,1,3,8,9,1,0,13,22,1,4,19,7,3,8,5,0,2,4,14,75,70,17,95,2,4,1,0,164,149,139,3,0,0,14,0,0,2,4,2,0,1,0,2,34,70,89,126,146,165,155,177,195,222,221,244,249,271
10,3,30,0,0,18,4,6,2,11,23,1,2,13,24,4,1,20,10,3,8,10,0,1,0,14,79,69,16,94,0,0,4,0,159,142,145,3,0,4,0,0,0,0,0,2,0,0,0,15,50,81,98,123,155,193,159,186,205,230,242,256,274,294
11,1,32,1,3,10,0,0,10,14,3,0,1,6,21,4,3,19,12,1,8,16,2,0,4,16,76,69,19,93,0,4,0,2,162,150,146,1,0,5,0,0,0,0,4,0,6,2,0,6,39,73,87,122,152,180,148,176,203,224,225,244,266,286
6,0,37,0,3,18,0,2,6,10,6,0,4,17,26,1,3,18,11,1,0,15,0,0,2,12,78,63,16,96,0,4,4,0,161,139,148,0,6,1,1,4,0,1,3,0,0,1,0,10,36,72,75,110,133,163,145,165,185,207,217,237,259,280
0,1,36,0,2,15,3,0,13,13,6,0,0,12,24,3,3,16,7,2,3,8,0,0,3,16,77,69,14,99,0,0,0,6,155,136,147,0,1,1,0,2,2,4,0,5,5,0,0,2,40,73,93,119,150,172,151,183,195,217,227,244,252,275
12,3,31,3,2,19,1,0,10,12,8,0,1,16,29,1,0,11,11,1,0,12,3,0,0,18,82,73,23,98,0,0,2,2,161,143,138,1,2,4,4,2,2,0,3,3,0,0,0,13,43,81,99,118,155,173,157,189,210,230,238,263,276,299
7,0,35,4,3,18,1,0,14,10,13,1,1,11,15,2,3,19,11,0,7,9,0,3,0,15,81,66,10,88,0,4,0,0,156,147,144,2,5,0,0,2,0,1,2,0,4,2,0,9,44,68,89,115,142,165,144,172,195,217,215,247,254,278
10,0,30,0,0,14,0,0,13,10,13,1,3,18,23,3,0,10,2,4,10,8,1,2,5,14,83,73,16,102,0,2,0,2,155,153,148,0,1,2,0,0,0,6,0,7,1,2,0,13,40,85,97,118,150,175,157,183,202,230,242,258,276,294
3,0,32,0,1,17,0,3,7,14,8,1,0,16,19,6,2,22,13,1,10,14,3,0,0,19,86,69,13,94,5,5,4,0,164,147,141,5,0,0,2,2,0,0,1,0,0,1,0,6,43,77,97,129,150,173,154,183,203,225,231,257,274,286
7,0,29,0,3,17,0,4,13,15,4,0,3,13,30,2,0,13,13,3,4,5,0,4,3,6,71,63,19,94,1,2,0,4,167,151,143,0,2,0,0,0,2,4,0,1,3,4,0,0,28,63,87,114,139,167,164,174,200,225,225,253,272,293
4,3,32,0,1,20,0,4,9,15,10,0,4,18,21,3,0,19,13,4,10,12,0,2,3,18,77,71,19,91,0,0,0,1,163,142,147,3,0,0,0,4,4,3,0,2,0,0,0,4,38,66,85,111,143,170,151,170,195,219,229,241,268,285
3,1,30,1,3,8,1,0,13,7,11,0,4,9,27,4,4,20,9,4,1,11,5,0,4,18,72,72,19,84,3,0,0,3,157,146,143,3,0,0,0,3,2,4,4,1,0,3,0,7,40,71,86,122,144,169,148,170,193,212,218,241,259,272
3,0,33,1,1,16,3,3,14,14,10,0,0,11,17,0,4,13,14,3,15,16,0,1,0,10,78,71,15,92,0,0,0,5,164,149,142,0,4,0,1,5,4,3,3,0,0,0,0,2,34,66,77,116,140,164,145,180,195,222,223,240,267,281
8,0,27,0,3,12,0,5,14,10,10,0,0,12,10,4,4,23,12,0,14,16,0,4,1,18,76,74,18,99,0,3,0,2,163,148,145,0,0,0,2,2,4,4,3,1,0,0,0,4,36,69,90,119,137,162,151,180,201,221,233,239,266,278
9,0,34,0,2,16,0,2,8,14,11,2,3,13,23,0,0,11,8,4,2,14,4,1,1,18,74,70,18,81,4,4,0,0,159,152,150,2,2,0,1,1,3,0,6,4,0,2,0,9,44,74,88,109,144,162,148,178,203,222,229,248,258,281
4,3,32,5,4,11,0,0,3,9,11,0,3,18,28,0,0,16,12,1,9,13,0,0,0,17,83,72,12,85,0,0,0,3,162,146,143,0,0,5,2,0,3,2,0,0,2,4,0,0,29,65,78,113,134,168,146,170,186,207,213,236,256,275
0,0,37,6,3,12,4,1,13,16,14,0,1,18,23,4,0,13,7,2,12,14,0,4,0,19,92,67,25,95,0,1,0,0,158,146,140,0,1,0,3,0,0,5,1,0,0,1,0,6,27,71,88,119,139,165,137,173,184,212,219,246,259,274
5,3,39,0,0,10,6,0,12,9,5,0,0,16,20,5,0,21,8,5,2,18,0,0,1,15,84,69,24,95,0,2,5,0,170,144,143,0,4,4,0,4,0,4,0,1,0,0,0,0,28,68,91,123,134,171,154,167,200,220,222,246,259,285
3,2,30,0,2,20,2,2,9,12,13,3,0,19,30,0,0,20,9,5,9,11,5,0,0,13,73,70,14,85,0,4,2,2,164,144,135,3,2,0,0,4,0,0,0,0,0,4,0,0,24,66,82,114,146,171,153,181,203,228,232,255,270,285
4,0,28,0,6,15,3,0,9,9,9,3,3,10,19,0,0,22,13,0,5,8,0,0,0,18,74,60,16,76,5,4,1,2,172,146,128,5,4,0,3,4,3,0,0,0,0,2,0,6,44,70,91,113,143,170,145,173,192,226,221,236,243,267
0,2,35,4,0,14,0,0,2,13,11,3,4,21,24,0,0,21,8,3,11,11,3,4,1,9,70,67,16,84,4,4,0,0,170,137,122,3,1,0,0,0,0,0,0,2,0,2,0,2,32,68,79,113,140,164,146,173,189,210,222,243,259,278
9,0,31,2,6,18,0,4,2,11,13,0,2,23,15,0,0,22,6,1,10,8,0,0,4,8,78,61,22,79,0,0,5,0,161,134,118,0,0,0,1,0,0,5,3,4,0,0,0,2,48,77,98,116,139,175,152,176,199,221,217,239,263,279
6,0,35,0,1,18,3,2,4,13,7,5,0,20,21,0,0,15,13,5,8,4,1,4,2,13,67,66,21,100,5,2,0,4,135,126,125,1,0,2,2,3,1,0,3,5,1,1,0,3,36,64,83,122,137,162,147,162,195,218,218,246,257,281
8,0,35,2,4,29,3,5,6,10,9,4,1,25,22,0,5,21,11,5,5,18,0,0,2,14,72,67,14,108,0,0,0,0,146,136,135,1,4,0,0,0,0,0,0,1,4,6,0,3,38,75,88,118,132,170,146,158,184,201,209,234,248,269
7,4,35,4,4,13,0,0,5,4,11,0,0,24,24,1,2,8,6,3,10,21,0,0,0,2,62,63,13,118,0,1,6,0,127,130,144,0,0,2,0,0,2,0,2,0,0,2,0,4,36,65,89,111,144,167,146,180,188,215,219,231,262,277
0,0,25,1,4,19,1,4,7,15,6,4,0,25,22,0,3,17,7,4,4,22,0,0,0,14,65,66,25,108,0,2,1,1,132,125,139,0,3,1,1,5,4,4,0,0,4,1,0,8,33,75,91,117,140,168,145,174,191,220,219,249,268,277
5,4,28,0,0,22,0,1,7,13,11,0,2,23,24,0,0,17,5,0,14,9,0,0,2,11,62,68,16,108,0,6,0,2,128,132,146,0,0,0,0,2,1,0,3,3,0,1,0,7,44,72,91,120,149,178,154,181,208,215,231,254,265,277
6,2,34,2,2,22,0,3,8,12,9,0,0,14,21,0,0,19,11,3,3,9,0,0,2,15,67,71,15,111,0,0,6,0,132,127,140,4,2,0,0,1,1,3,7,0,0,0,0,5,35,64,83,110,130,159,140,164,181,198,213,237,253,272
4,0,48,0,1,19,4,0,5,13,11,1,0,25,12,0,2,20,0,2,14,14,2,2,3,9,68,68,22,106,0,1,0,0,139,125,132,5,0,2,3,0,6,2,2,0,1,4,0,10,40,77,97,124,152,176,155,176,205,226,246,240,265,275
10,0,34,0,1,14,3,0,5,17,11,4,2,23,27,0,0,15,9,6,15,18,2,0,3,10,67,71,23,111,0,0,0,6,141,137,139,0,1,4,2,0,5,1,6,0,0,1,0,5,41,67,78,109,128,159,140,168,191,216,223,249,262,276
1,0,36,0,5,18,1,0,8,17,8,1,0,23,23,1,0,22,2,5,11,17,4,0,0,14,73,64,24,100,0,0,6,5,143,134,137,0,0,0,0,0,1,5,2,1,1,3,0,0,35,57,85,117,142,174,149,174,194,217,223,239,266,283
2,1,34,0,0,20,0,0,5,14,13,2,4,17,27,0,1,20,10,16,13,10,1,4,2,14,76,53,21,90,0,0,3,1,154,132,127,4,0,2,5,3,0,0,2,4,4,2,0,1,42,74,76,109,143,170,148,166,194,213,219,249,270,287
8,1,37,2,0,9,3,14,9,13,9,0,0,17,21,3,2,13,12,4,19,20,2,0,0,7,62,68,23,130,6,2,0,7,122,116,143,1,0,1,1,5,0,1,0,1,2,0,0,5,33,64,86,125,144,179,158,176,199,226,227,239,259,268
0,0,39,0,0,19,3,1,2,14,13,3,3,16,20,0,0,20,11,4,12,10,5,3,1,14,78,74,26,103,0,1,0,0,159,136,122,0,0,0,1,3,6,0,2,0,3,3,0,4,37,71,90,120,149,171,154,185,204,225,233,253,271,285
1,0,29,0,0,20,5,0,10,14,12,3,1,16,22,0,0,13,13,5,12,12,1,0,0,15,91,74,20,98,3,2,0,0,161,136,133,2,1,0,5,1,10,0,0,2,2,0,0,14,41,78,84,127,145,176,149,167,198,215,222,231,251,275
10,0,30,4,6,19,0,3,9,7,6,0,2,16,25,3,0,13,5,5,9,8,3,3,1,19,83,68,25,98,0,0,1,6,154,140,124,3,1,3,2,4,0,2,0,1,0,0,0,0,35,73,87,115,144,159,146,172,191,216,213,234,258,278
10,0,40,0,3,8,0,0,4,7,17,2,1,15,15,4,1,20,4,4,4,15,1,2,0,22,87,74,20,90,0,0,0,1,170,135,133,2,2,0,5,0,0,0,0,0,2,0,0,12,39,76,97,128,153,177,165,183,203,229,222,250,266,284
13,2,37,3,1,14,0,1,8,15,15,0,4,8,23,0,3,24,11,6,9,12,2,0,0,17,99,70,27,66,3,5,3,0,181,132,131,5,2,0,2,5,0,0,0,0,0,0,0,4,27,63,81,116,137,160,142,167,193,214,225,248,260,283
6,1,40,0,5,16,0,2,10,21,17,5,2,20,19,3,4,20,13,0,12,17,6,0,3,22,90,72,17,85,1,1,0,6,162,135,126,2,1,1,5,1,5,0,0,0,1,4,0,3,36,67,93,123,143,177,156,180,197,220,225,248,269,290
7,0,38,1,3,19,14,3,4,15,8,0,0,19,17,5,0,20,2,0,7,15,4,0,0,17,88,71,23,83,2,0,3,2,179,147,127,0,4,1,5,0,1,0,0,0,2,0,0,7,42,74,92,116,135,166,155,180,193,216,220,253,269,285
10,9,44,0,3,15,0,2,8,15,15,4,0,18,31,2,0,22,13,5,7,12,0,4,2,11,86,69,14,88,0,4,0,0,171,144,131,1,0,3,5,0,1,0,3,3,2,0,0,13,48,81,103,130,159,170,153,181,196,229,233,254,263,286
1,3,35,0,0,19,0,8,5,14,5,0,0,16,20,2,0,12,8,6,4,7,0,0,0,17,87,57,11,62,3,0,2,1,185,149,130,0,0,0,0,1,2,2,1,0,0,0,0,0,25,65,78,114,136,173,153,182,199,221,229,246,268,273
0,0,39,3,4,11,0,0,2,18,12,5,5,15,22,0,4,22,2,0,0,12,0,0,1,22,81,67,19,72,5,1,0,5,188,149,130,4,0,9,1,0,0,1,3,0,2,3,0,6,42,71,81,120,136,171,149,173,198,215,224,243,260,282
8,0,38,0,4,13,4,0,10,18,7,2,2,6,19,2,4,23,10,5,7,14,1,0,1,24,90,68,17,70,3,0,6,0,182,149,127,0,0,4,0,0,1,5,5,0,1,0,0,0,30,69,87,119,141,168,143,172,197,221,215,241,258,274
0,3,36,14,0,11,3,0,4,20,12,7,0,13,29,0,0,22,14,1,13,6,3,3,2,24,84,60,22,81,3,0,0,0,177,142,123,3,0,0,1,2,1,0,0,5,2,2,0,8,40,82,88,125,148,178,157,188,201,234,243,260,278,297
1,0,44,0,0,13,3,0,1,8,14,2,0,17,17,7,1,20,12,3,6,15,0,0,0,24,95,64,22,77,0,0,5,0,181,140,126,4,3,0,1,5,0,5,0,0,1,0,0,14,36,73,83,120,147,161,144,171,201,215,223,251,263,284
6,4,32,0,2,12,0,0,3,15,15,1,0,20,19,1,0,22,12,4,6,18,0,3,0,21,84,66,15,103,0,2,3,4,156,134,137,0,2,1,5,2,1,0,4,4,2,4,0,9,44,83,98,128,160,180,159,178,203,224,229,252,268,285
5,0,44,2,0,14,2,2,9,15,13,3,0,19,12,3,3,21,3,6,10,12,5,0,3,27,89,66,23,99,2,1,0,2,168,143,138,6,0,2,3,0,4,0,0,0,0,0,0,7,42,67,95,118,141,171,167,178,189,220,223,240,262,285
10,2,41,0,2,19,2,1,5,10,15,2,0,14,18,0,1,17,10,5,6,11,2,4,0,19,73,65,23,89,4,2,0,1,164,144,134,0,4,0,4,0,1,0,0,0,0,9,0,11,40,77,96,128,162,183,165,193,215,224,242,256,271,289
9,1,48,2,3,15,2,4,9,15,5,0,1,15,17,3,2,21,11,3,8,10,1,0,6,21,79,66,19,90,0,2,5,4,169,152,139,1,0,0,0,0,0,0,0,1,2,0,0,12,57,84,99,135,154,189,166,188,210,229,236,249,269,276
1,3,41,7,3,20,0,11,8,18,16,0,0,13,23,2,4,25,3,2,0,15,4,0,1,21,87,60,24,87,0,5,0,0,180,150,134,0,4,4,2,1,0,4,0,4,3,0,0,10,44,74,95,121,142,179,157,185,198,233,228,258,268,284
5,3,41,5,0,11,0,12,9,19,7,0,0,15,19,4,1,17,10,0,3,13,3,0,0,16,87,69,15,91,0,5,0,13,177,152,133,0,0,0,2,0,1,5,5,2,6,6,0,6,33,68,80,114,136,157,145,165,207,217,227,241,257,280
10,2,35,0,3,13,2,1,10,16,4,3,0,13,24,1,0,21,5,0,3,2,3,0,0,21,84,64,15,64,0,1,0,0,185,156,122,0,0,0,5,0,4,0,0,3,6,0,0,0,35,60,79,119,142,164,147,171,187,223,223,244,264,281
3,2,38,0,0,14,1,0,10,15,16,0,3,15,24,4,0,20,14,4,0,10,0,0,0,21,87,63,16,66,0,5,0,0,192,134,118,4,0,0,6,4,2,0,3,0,2,3,0,11,44,73,97,124,148,180,155,187,204,234,242,260,273,286
5,0,37,3,3,15,4,0,9,13,12,3,1,7,22,6,0,17,9,3,0,16,2,6,4,22,69,52,20,96,4,3,6,0,164,140,135,0,0,0,0,0,3,1,3,0,3,0,0,8,46,73,98,130,157,187,172,196,216,233,237,258,272,284
6,0,32,0,3,19,0,0,4,8,16,0,0,6,28,0,0,22,13,3,9,11,1,1,0,21,87,60,27,103,6,2,1,2,156,123,132,1,0,0,0,1,5,0,4,2,5,1,0,10,42,77,100,121,156,171,149,174,200,219,226,239,254,281
1,2,30,4,0,14,3,2,8,15,16,3,3,5,23,2,0,21,11,3,3,16,5,0,1,27,85,68,22,94,3,5,0,0,177,146,135,0,0,2,0,5,1,7,6,1,0,1,0,11,51,82,90,121,160,178,160,186,202,226,223,250,265,280
3,0,33,4,6,15,2,2,8,14,14,0,0,6,24,4,0,19,3,0,7,9,2,5,3,17,72,54,21,90,0,0,0,4,168,129,132,0,0,0,0,6,2,4,5,0,0,0,0,13,36,71,91,125,150,170,161,178,207,230,235,255,265,284
10,5,39,0,0,20,0,0,0,17,15,0,2,7,18,0,0,16,13,0,3,7,2,4,4,20,65,58,21,105,0,0,3,2,141,126,142,0,5,0,0,0,0,1,0,1,0,5,0,3,40,74,91,125,150,176,155,177,196,217,231,253,267,282
5,14,37,0,0,13,0,1,10,17,16,1,0,5,25,1,0,20,4,0,0,13,4,3,0,19,66,56,20,95,0,1,1,1,159,125,139,0,0,1,1,0,0,4,4,5,2,0,0,9,50,69,90,117,148,172,143,170,193,219,226,242,255,278
0,0,40,0,0,23,1,2,3,18,13,0,0,10,18,4,6,20,9,3,6,16,2,0,3,15,76,56,19,93,0,0,0,8,164,133,136,5,0,3,0,0,0,0,4,4,2,2,0,12,48,88,107,125,155,177,166,182,209,228,221,250,261,284
10,0,43,2,0,20,2,2,7,17,10,0,0,16,29,0,0,19,12,3,6,15,0,0,2,14,67,53,19,99,3,0,1,0,150,136,142,1,0,2,0,0,3,1,0,5,3,1,0,6,41,68,87,121,142,183,152,174,188,219,231,251,262,276
5,0,39,0,4,18,5,0,7,18,15,0,2,19,20,3,0,15,15,3,2,10,4,0,1,22,79,64,13,81,6,1,6,0,172,151,130,0,0,4,0,6,0,0,0,2,4,3,0,13,35,72,89,121,150,178,158,177,201,226,224,231,250,268
1,0,39,0,1,15,5,0,6,16,16,2,0,11,23,3,0,22,13,0,4,14,0,0,0,17,74,62,19,91,6,4,4,5,167,132,137,0,0,0,2,2,0,0,0,6,4,0,0,4,41,64,92,123,143,166,155,182,209,227,236,244,266,272
10,3,37,4,4,23,3,3,5,14,18,0,3,18,19,2,1,22,11,2,6,15,0,0,5,21,72,55,23,88,4,2,0,0,168,134,136,0,0,0,0,0,3,3,0,4,0,2,0,12,42,81,92,134,152,175,146,185,206,225,237,256,275,289
5,3,29,6,0,12,3,0,7,9,18,3,4,18,13,1,0,19,10,1,1,15,0,0,0,21,75,52,15,91,0,0,1,5,168,137,128,4,3,0,6,1,4,5,6,2,1,1,0,9,45,76,94,126,140,169,152,177,203,223,231,255,264,274
8,0,38,2,0,22,3,1,14,9,17,3,1,13,19,2,3,20,13,4,5,15,3,3,0,10,71,60,17,84,0,0,4,0,155,132,136,1,4,2,0,2,0,5,0,0,1,1,0,4,41,79,93,119,145,168,149,177,205,230,238,267,268,281
8,3,32,4,3,20,3,3,11,16,7,0,0,9,14,1,3,17,10,4,6,11,0,6,0,12,66,62,23,93,4,0,3,0,167,138,137,0,1,1,0,0,0,6,2,3,0,5,0,11,48,84,106,123,159,171,158,185,203,226,228,250,261,287
10,3,31,4,0,19,0,5,8,16,12,0,2,16,26,4,1,20,10,4,0,16,0,5,0,15,68,63,19,92,4,0,4,0,157,134,135,0,1,2,0,0,6,4,0,0,5,0,0,13,39,80,94,116,146,175,156,187,202,226,233,259,264,289
10,0,34,1,3,10,2,1,11,16,19,1,1,14,18,2,0,21,5,3,6,13,0,4,4,18,75,52,23,101,2,0,6,2,166,131,138,0,1,0,6,1,0,5,0,4,1,1,0,13,49,78,89,117,146,174,146,176,198,222,222,247,265,280
1,0,33,0,4,18,0,4,10,12,13,3,0,20,25,15,3,25,9,1,3,17,1,0,0,17,62,63,13,101,0,0,6,5,152,130,139,0,2,2,0,2,4,3,2,2,0,0,0,5,36,71,97,114,144,178,152,176,204,224,229,258,271,285
2,5,36,5,0,17,2,0,11,14,9,0,1,19,11,2,4,23,11,0,1,15,3,1,3,19,75,57,20,98,0,5,0,0,157,132,139,0,0,0,0,1,0,4,0,0,0,3,0,10,43,65,89,114,150,174,153,176,199,218,227,241,261,286
5,4,40,0,0,19,6,1,10,9,8,0,0,18,31,0,4,18,12,1,5,8,0,2,0,21,73,65,21,106,4,2,0,5,149,127,141,3,1,0,0,0,0,3,0,0,4,1,0,9,47,81,86,121,142,175,153,178,201,219,225,256,275,292
11,0,34,0,0,20,1,1,10,11,19,2,0,12,20,0,3,24,10,3,11,14,4,0,0,18,73,66,13,94,0,0,0,5,161,130,142,0,5,4,0,0,2,4,7,5,0,1,0,8,41,70,97,124,150,191,154,177,204,229,232,248,272,289
3,4,33,3,5,18,2,4,12,16,17,2,5,21,31,2,0,26,9,6,9,8,4,0,0,16,74,61,24,92,0,0,2,7,160,132,136,3,0,3,0,3,1,0,0,0,0,2,0,5,36,63,96,105,141,167,148,172,194,220,223,240,257,273
10,0,36,0,0,11,3,0,8,15,16,0,0,18,22,0,1,17,11,6,13,12,0,2,0,24,72,63,15,91,0,5,4,2,160,124,141,4,3,2,0,0,3,0,0,0,4,0,0,3,39,73,84,120,146,176,149,176,197,219,224,244,265,285
7,0,38,3,1,11,3,0,1,16,18,0,1,18,22,3,1,25,14,4,11,16,1,3,0,23,84,60,19,92,3,0,5,5,159,127,137,0,1,3,0,3,0,4,0,0,3,5,0,12,48,69,90,115,137,165,156,181,201,227,229,250,269,301
7,3,42,1,4,18,0,3,4,13,11,6,4,10,21,4,5,26,11,0,3,18,0,4,0,21,83,63,26,84,2,1,0,1,173,126,125,3,0,0,3,4,0,1,2,2,0,1,0,6,48,80,93,118,149,171,156,174,189,216,217,239,253,273
10,0,37,0,0,16,0,0,4,17,19,0,2,21,20,0,0,26,13,3,6,12,0,0,0,19,72,65,24,110,3,0,3,2,139,114,137,2,0,1,4,0,0,2,0,0,0,0,0,6,40,73,91,125,146,175,159,185,206,216,221,237,265,279
6,0,35,0,0,13,0,0,10,8,15,0,3,21,21,0,1,20,14,4,10,11,0,2,3,17,64,54,19,112,0,0,2,0,129,118,146,0,4,0,0,1,3,0,0,5,0,0,0,0,30,61,80,112,144,168,155,178,196,226,238,258,271,290
0,0,40,0,0,21,1,1,13,17,17,2,3,18,22,0,3,23,10,0,3,14,4,3,0,18,65,60,21,123,0,0,0,3,122,117,143,1,0,0,0,0,2,0,0,4,2,6,0,12,45,84,93,128,156,178,150,179,206,230,228,248,268,281
4,0,31,0,5,15,6,3,10,13,9,0,0,23,31,0,0,20,13,7,8,15,0,3,2,13,57,55,14,139,4,1,13,0,105,115,151,0,0,0,4,0,3,2,0,4,1,4,0,6,41,77,89,124,149,173,144,181,204,221,232,257,273,289
5,1,40,1,0,19,3,0,10,8,17,0,3,14,24,5,0,23,11,6,5,16,5,1,0,23,88,66,19,67,2,6,2,3,178,135,135,0,1,4,4,0,0,0,1,4,0,0,0,5,41,77,81,114,146,167,145,168,199,213,227,246,265,279
13,4,38,3,2,14,0,4,11,19,21,0,0,16,30,1,0,14,14,2,5,12,0,0,1,23,85,62,23,67,3,4,0,5,171,139,131,0,1,3,1,3,1,6,0,0,0,2,0,11,48,75,87,114,151,171,151,174,186,219,226,244,263,286
4,1,41,3,3,15,1,0,14,15,11,3,0,10,15,4,2,23,13,4,2,7,2,0,2,14,77,62,21,80,1,1,0,0,168,134,125,0,1,4,1,3,4,3,3,0,0,1,0,3,40,78,96,118,148,156,143,159,187,217,216,248,267,285
10,0,38,0,1,17,0,1,8,12,17,1,4,15,26,0,0,21,9,6,5,16,0,1,3,15,67,63,25,110,0,4,1,1,142,137,147,0,1,1,0,0,4,2,1,5,0,1,0,2,37,66,85,115,138,173,152,183,207,229,230,252,275,296
7,3,31,0,1,18,0,3,9,19,11,3,2,15,21,9,0,19,12,5,6,8,1,1,1,23,96,56,22,63,0,0,0,5,186,147,129,1,3,2,6,0,4,3,1,0,0,0,0,5,37,71,84,113,137,173,153,170,198,213,220,236,260,278
7,0,33,0,0,19,0,4,14,17,14,3,0,10,17,3,0,24,6,0,11,15,0,15,0,26,87,63,22,85,0,0,2,0,168,132,126,4,2,0,3,0,2,0,3,0,2,0,0,6,43,68,90,117,146,171,151,168,203,226,223,251,264,288
5,2,37,3,0,21,0,0,8,17,18,0,0,21,23,0,4,18,8,4,3,29,1,3,0,22,73,55,21,92,1,0,0,1,156,136,128,1,0,1,0,0,4,3,0,4,2,2,0,10,43,68,88,125,150,168,145,180,197,214,217,241,256,273
0,4,37,0,0,18,0,4,4,14,31,3,2,21,23,6,0,22,13,0,12,16,0,4,0,12,75,60,26,104,3,4,2,0,152,139,136,0,4,4,1,5,4,1,4,4,0,1,0,5,38,72,82,121,145,173,148,179,202,221,223,241,257,283
8,5,42,3,4,19,1,5,11,10,8,3,2,21,25,1,0,19,8,5,9,18,5,0,0,17,69,57,18,116,0,3,0,6,132,136,150,0,5,1,4,6,5,0,0,0,3,3,0,10,28,69,83,116,140,170,147,166,200,220,232,250,268,283
0,3,37,0,0,14,2,0,10,15,17,0,0,21,25,5,0,22,10,0,5,11,2,3,0,5,66,63,24,139,1,0,0,0,120,127,153,0,0,1,0,5,2,0,3,0,3,5,0,8,43,73,101,128,150,164,154,187,203,228,232,251,264,285
7,0,35,2,2,12,0,0,7,12,10,0,0,22,18,0,0,21,9,3,13,8,1,3,3,15,61,66,21,133,1,0,0,4,131,126,157,0,3,0,0,2,0,4,3,5,0,0,0,6,38,72,83,114,133,169,152,181,211,225,232,254,263,290
9,0,35,0,0,20,3,4,8,13,7,4,3,17,21,5,2,28,7,1,14,17,0,3,1,20,68,63,22,105,4,0,0,1,135,129,130,1,6,0,1,1,3,0,0,0,0,2,0,11,47,81,103,133,155,188,164,191,216,218,228,249,264,276
7,1,42,5,4,20,0,2,9,10,12,5,6,19,27,4,0,23,17,4,8,17,4,2,0,18,81,71,22,109,4,0,10,6,149,140,138,4,0,0,11,4,4,1,0,1,3,3,0,0,23,60,80,106,153,169,146,175,199,214,227,247,269,283
3,0,43,6,2,19,4,0,7,12,15,4,5,17,19,4,1,19,8,2,13,18,2,1,0,17,79,65,19,107,0,1,0,5,144,133,138,6,2,0,0,1,0,5,0,0,2,0,0,8,37,73,84,116,152,177,162,180,206,231,229,252,272,288
3,4,39,3,3,23,2,0,12,16,8,3,1,20,29,7,1,25,4,0,3,7,4,0,3,18,81,60,13,81,0,1,0,0,161,138,132,0,2,5,0,4,3,2,4,1,1,4,0,0,18,64,82,110,143,158,151,170,193,210,225,239,260,281
1,1,35,2,0,19,0,0,10,10,8,0,0,14,20,0,1,19,12,0,0,17,4,0,0,21,80,62,23,84,4,4,5,4,160,131,138,4,3,0,2,0,3,5,0,3,2,0,0,6,35,68,85,119,150,175,148,184,206,215,220,242,271,286
6,0,37,3,0,13,0,16,44,81,92,130,144,175,160,181,203,232,234,258,275,288,,,,,,,,,,,,,,,,,,,,,,,,,,,,,,,,,,,,,,,,,,
4,0,40,5,3,18,0,0,8,18,17,0,0,13,24,1,0,16,8,6,6,4,0,0,3,20,76,55,20,67,0,3,0,5,189,149,121,0,0,5,3,1,1,5,0,2,0,0,0,0,31,66,80,115,145,167,144,163,192,215,213,244,259,283
0,3,41,5,0,9,1,4,7,11,11,3,0,13,21,3,0,21,15,1,2,2,0,3,0,21,77,51,11,70,0,0,4,6,182,145,125,5,13,2,0,2,5,0,0,0,0,0,0,6,40,79,93,125,152,180,151,165,201,225,228,245,258,283
4,1,38,4,0,15,3,1,8,19,17,2,1,13,28,0,0,16,13,3,3,7,4,1,0,24,78,51,13,73,1,0,6,4,195,139,118,0,1,0,1,0,1,0,3,3,1,5,0,0,34,73,90,109,140,158,130,159,174,193,211,235,251,271
9,2,44,0,2,15,2,0,13,13,17,4,0,11,22,4,0,26,12,6,2,1,0,0,4,23,78,48,21,73,2,2,2,0,187,149,119,2,0,2,0,0,3,4,0,0,3,3,0,7,42,81,97,119,157,183,152,181,208,223,229,253,266,279
9,3,42,4,0,10,2,3,6,19,8,1,1,13,23,0,2,26,17,4,0,2,4,0,4,34,96,50,12,31,0,0,0,12,217,156,96,2,1,3,1,0,0,1,0,2,0,1,0,5,41,66,83,118,138,172,153,172,199,213,232,239,252,277
11,2,50,0,2,10,0,0,15,19,33,3,14,9,17,0,4,44,32,12,0,0,2,0,0,62,125,31,12,7,3,1,2,29,228,114,61,7,0,0,3,0,0,0,2,0,0,3,0,3,39,67,92,111,141,179,150,160,189,214,211,236,250,276
6,0,58,0,0,2,1,0,16,32,43,2,0,5,21,0,2,62,40,15,4,1,0,0,0,92,148,29,8,1,0,0,0,53,208,110,62,0,0,0,0,4,0,0,0,0,0,0,0,4,33,75,87,117,138,170,152,173,198,227,232,252,270,291
8,0,57,0,2,9,1,3,12,17,40,3,3,9,27,4,2,38,26,10,2,0,0,1,4,56,104,45,14,25,3,1,1,13,202,140,99,1,3,0,3,13,3,3,0,1,0,0,0,0,35,66,89,110,146,167,144,178,199,218,222,243,264,281
5,5,42,0,2,13,0,1,4,12,14,2,1,8,30,0,0,31,13,0,2,9,3,0,0,31,72,44,17,59,7,1,2,6,171,133,116,0,0,0,2,2,0,0,2,2,2,0,0,8,44,73,89,119,152,178,154,164,193,213,223,240,253,282
4,2,37,2,4,13,1,4,12,8,16,3,1,16,27,1,3,28,7,1,3,13,5,2,0,20,68,42,16,70,3,0,0,0,164,140,125,2,2,0,5,4,0,1,3,0,0,0,0,6,39,73,87,109,147,172,154,173,201,229,236,260,278,298
4,0,36,1,0,14,0,0,10,19,6,0,0,15,19,0,0,26,1,0,7,11,2,0,4,15,55,37,21,70,0,3,0,0,152,128,125,2,2,3,0,0,0,3,3,0,0,1,0,0,35,71,79,114,133,165,133,160,188,211,213,233,260,274
2,0,35,0,2,16,3,2,9,16,17,2,0,14,21,5,1,21,10,5,7,8,0,0,0,6,60,29,7,78,2,4,0,3,167,128,120,0,1,0,9,6,0,1,0,2,0,0,0,0,38,65,72,107,137,168,153,175,186,216,221,235,262,271
0,4,39,0,0,18,5,1,3,18,16,4,2,10,22,0,0,26,5,0,4,14,3,0,0,16,56,41,11,95,0,3,0,2,115,115,128,0,1,0,0,2,0,0,0,0,3,1,0,12,43,75,89,123,138,163,148,166,191,213,217,240,260,282
5,3,41,0,0,15,3,4,3,17,23,2,1,18,27,0,0,23,14,7,10,15,0,2,2,18,50,40,17,84,3,0,5,1,119,111,130,4,4,0,0,4,5,0,7,2,5,0,0,8,39,70,83,106,140,168,146,167,192,225,233,250,267,283
5,2,43,2,0,32,0,2,3,21,18,0,2,15,22,2,4,29,20,0,1,10,0,0,3,27,70,38,13,78,2,0,2,1,126,133,128,0,4,0,1,3,0,0,1,1,2,3,0,10,44,78,91,128,152,171,149,179,203,221,235,250,269,288
7,0,49,1,4,23,2,1,3,17,25,5,0,8,23,0,2,25,21,1,8,11,3,0,3,19,68,42,22,76,2,1,5,8,127,133,123,1,0,1,0,0,5,0,0,2,1,2,0,0,35,62,88,113,142,172,148,176,197,223,228,239,261,277
9,3,42,0,0,20,0,0,2,15,23,5,1,18,17,0,10,32,11,6,8,8,2,1,2,29,70,30,22,70,0,0,0,0,150,135,133,0,0,0,3,2,6,3,0,4,0,0,0,8,31,71,87,120,143,178,160,186,207,229,237,247,276,290
5,4,46,0,0,24,0,2,0,17,27,3,0,6,27,0,0,33,19,3,10,14,4,0,2,29,74,41,22,76,0,0,0,5,148,128,128,0,1,0,0,1,4,0,0,0,0,0,0,2,35,75,87,122,145,176,158,179,213,223,233,260,280,299
1,0,42,3,0,19,3,0,5,18,21,0,4,15,27,2,1,27,16,0,8,5,0,0,5,21,65,40,20,81,0,1,2,1,141,138,126,0,2,0,2,0,2,7,0,0,0,0,0,5,38,70,95,123,140,172,157,182,202,218,231,241,270,295
1,3,42,2,1,20,6,0,5,16,23,0,4,13,25,2,4,26,12,5,8,9,3,4,3,15,69,39,14,78,0,4,4,6,148,133,124,1,0,0,0,2,0,0,0,1,0,2,0,3,41,75,90,119,151,175,149,175,194,224,236,257,273,287
0,1,42,3,0,21,3,0,7,19,21,1,0,14,16,1,1,29,11,7,8,4,0,0,4,19,63,37,14,75,5,0,4,0,151,129,121,0,0,2,0,0,0,4,0,0,6,5,0,7,39,73,97,122,153,176,159,185,204,229,238,256,270,283
5,0,47,3,0,16,0,4,8,15,21,0,4,10,20,0,2,26,17,0,8,9,0,0,0,13,66,29,17,86,0,5,1,2,149,133,116,5,0,6,1,3,0,1,0,4,0,0,0,3,29,73,91,120,144,174,159,183,206,232,241,256,271,294
2,0,44,0,1,23,0,0,4,19,23,0,0,18,26,2,0,22,13,1,11,13,6,0,4,25,66,33,12,78,1,0,0,1,155,121,113,0,4,1,0,0,0,5,0,0,0,2,0,7,41,61,85,121,149,167,157,173,205,225,234,258,273,291
2,0,35,0,2,21,0,4,3,9,26,2,0,13,25,3,3,27,14,2,11,12,0,0,2,24,67,34,16,85,0,0,0,1,156,133,121,3,0,0,0,0,0,0,0,3,0,6,0,0,35,61,89,121,150,173,149,183,205,221,234,252,269,285
5,2,47,0,2,22,2,0,8,20,26,4,0,17,38,4,1,30,11,1,7,12,1,2,0,20,68,41,14,79,0,4,2,0,156,136,122,3,0,2,4,0,2,1,0,0,5,4,0,6,42,77,91,125,152,178,161,181,209,232,242,249,270,288
4,5,39,0,1,21,0,0,4,16,22,0,0,17,19,1,0,27,18,2,6,8,4,4,0,26,70,35,18,70,4,2,4,3,150,137,125,0,1,4,1,0,0,0,1,0,0,4,0,6,43,68,86,108,145,173,146,177,202,224,231,247,270,286
6,0,40,3,0,20,12,2,7,20,25,0,0,17,21,1,0,20,15,3,9,14,3,0,1,27,69,42,20,86,0,2,0,1,146,130,117,0,4,1,2,2,2,0,0,2,0,0,0,2,38,76,87,111,138,172,150,172,197,214,229,251,269,288
2,0,43,3,0,15,1,4,3,12,22,0,5,19,19,3,2,25,13,5,7,12,0,4,3,11,64,40,17,83,0,1,0,0,151,140,131,0,1,0,3,3,0,1,0,3,0,3,0,6,40,61,87,119,149,164,154,177,194,212,219,233,259,281
0,0,44,0,4,15,0,1,4,16,18,1,1,18,29,0,0,21,12,6,9,7,2,0,1,15,66,32,17,86,0,0,3,4,152,133,126,2,0,0,0,0,0,0,5,4,0,0,0,6,41,75,90,124,148,178,162,179,208,234,237,251,268,291
5,0,49,5,1,20,3,0,7,15,14,0,1,20,11,5,0,29,14,4,10,14,4,0,1,24,65,39,18,84,0,3,2,3,153,130,120,5,1,0,0,0,0,0,0,0,0,2,0,10,48,82,102,131,160,188,169,195,216,239,241,264,279,297
5,0,46,0,0,16,4,2,2,21,29,1,4,22,23,4,4,29,6,4,10,6,3,0,3,25,65,40,10,81,0,2,0,3,151,137,126,1,0,0,0,0,2,5,0,1,5,0,0,10,49,79,93,123,145,170,147,172,199,220,229,250,263,287
0,3,36,4,1,19,0,2,8,20,17,0,0,19,28,0,2,29,12,0,3,12,2,0,0,23,66,44,15,88,1,1,5,12,148,129,123,3,0,0,2,4,15,1,6,4,5,2,0,11,43,81,93,128,150,175,162,186,211,230,236,247,269,279
0,2,43,4,0,22,0,3,7,16,16,0,0,20,18,0,0,20,16,5,10,14,0,3,2,18,57,37,17,86,0,2,2,3,148,139,132,0,4,0,5,2,4,0,2,1,5,2,0,6,39,76,89,124,142,174,152,183,204,218,231,242,265,278
2,4,47,0,1,25,1,0,4,10,22,0,1,10,19,4,2,28,14,6,2,11,3,0,2,21,63,37,23,88,2,6,0,0,146,134,119,1,0,0,7,2,3,3,1,0,3,2,0,8,45,78,97,128,152,172,160,176,209,231,236,254,266,288
2,2,46,0,0,20,0,0,20,11,27,4,5,19,18,2,0,27,8,0,11,12,2,4,0,14,57,35,18,80,7,4,5,0,145,125,127,3,4,0,12,0,0,0,0,4,0,0,0,8,38,70,89,108,133,150,138,171,187,212,202,230,245,273
7,0,45,1,2,21,0,2,6,17,25,4,1,17,19,5,0,30,18,5,10,14,3,0,0,26,66,40,13,78,4,3,2,4,152,130,124,0,2,1,0,3,0,0,0,0,5,0,0,11,49,77,86,120,147,174,151,183,202,218,232,254,273,293
0,3,50,0,2,15,0,0,4,21,24,4,2,15,22,0,3,29,11,5,7,14,2,0,0,21,67,37,16,81,1,2,4,0,142,134,110,4,1,1,1,0,0,1,5,1,0,1,0,7,42,82,87,118,143,180,153,185,205,229,233,252,266,290
0,5,45,0,4,20,0,0,0,22,27,0,0,18,14,0,0,29,16,7,5,13,0,4,0,24,69,37,20,78,4,4,0,3,152,137,122,3,0,2,0,2,0,0,5,2,0,0,0,6,40,80,97,119,160,173,157,184,211,231,233,251,262,275
7,0,44,4,3,15,4,4,4,14,24,3,5,14,27,0,3,32,12,1,3,12,0,0,0,16,63,36,21,86,0,4,0,0,149,133,121,0,1,0,0,2,5,0,0,0,0,5,0,0,33,71,89,112,145,170,146,162,190,213,217,230,257,269
3,0,52,10,2,26,0,0,8,20,25,4,0,11,25,4,1,29,13,4,9,10,1,2,0,25,67,32,10,78,0,4,2,1,150,138,123,6,1,7,0,0,2,3,0,0,0,0,0,2,37,77,91,120,141,170,144,173,196,214,223,247,263,283
1,0,47,0,3,21,1,0,4,29,24,2,2,8,31,4,0,31,12,2,11,5,5,0,0,26,69,40,14,72,2,0,0,0,146,138,126,0,0,0,2,2,5,5,0,0,0,0,0,1,43,74,82,109,137,163,149,176,199,224,232,246,262,278
5,0,55,3,2,20,0,0,6,19,21,0,0,15,21,3,1,30,14,2,7,10,0,3,1,27,68,38,16,76,3,4,0,9,158,130,131,0,3,4,0,2,1,5,1,0,1,0,0,4,35,76,96,123,152,180,158,171,192,222,224,236,254,266
0,4,49,3,0,18,0,3,20,14,25,0,4,16,42,2,0,32,17,3,9,9,0,0,2,19,70,38,9,75,0,1,0,8,156,141,128,2,3,0,0,2,0,0,1,0,5,3,0,11,40,72,89,124,140,163,149,181,200,220,228,247,267,285
2,4,48,0,0,26,0,3,8,16,21,0,0,17,22,3,0,32,15,6,11,4,4,1,5,23,66,39,18,76,0,0,0,4,151,138,124,5,0,3,4,0,0,6,1,2,0,3,0,8,38,67,87,121,149,176,153,178,206,230,233,254,274,292
2,4,52,0,4,25,3,0,1,18,23,3,4,17,28,2,0,29,6,0,10,13,0,3,4,24,59,36,20,71,0,1,5,5,159,138,126,4,3,1,2,1,5,0,4,2,0,0,0,8,47,75,93,124,139,170,147,170,193,221,229,256,274,292
5,2,54,0,1,22,0,4,5,19,17,0,1,14,26,3,1,25,11,4,4,16,3,1,0,19,66,39,24,74,0,2,5,0,153,134,124,5,3,0,4,6,13,0,4,0,0,3,0,6,43,74,89,115,142,161,145,172,196,215,225,243,257,277
0,0,52,0,4,24,4,0,7,11,16,4,0,12,25,1,2,18,15,0,11,10,2,1,0,22,68,31,21,72,3,2,4,3,156,140,126,0,0,0,2,2,3,0,2,3,0,0,0,2,36,61,82,107,145,173,154,175,204,216,234,253,271,280
6,4,56,5,0,21,0,1,5,15,22,4,5,14,16,1,0,22,13,6,7,5,6,0,0,25,64,39,18,77,5,0,4,8,154,135,117,1,0,2,1,0,0,2,0,2,3,0,0,6,32,75,96,129,156,177,150,185,201,217,236,253,272,295
3,0,51,1,2,25,2,0,0,21,22,3,5,8,24,3,3,30,10,7,11,13,5,5,2,22,62,36,21,73,0,2,1,0,154,139,132,0,0,5,0,0,0,5,3,0,0,0,0,2,35,72,95,128,148,173,153,173,204,219,237,256,264,292
3,0,50,2,0,17,5,0,0,19,16,0,2,14,27,0,3,30,10,4,7,9,0,0,1,21,71,32,17,75,3,2,0,4,160,141,123,0,5,0,2,2,5,0,1,3,0,0,0,12,37,65,92,116,136,174,155,181,201,226,227,256,275,293
3,2,56,5,4,16,0,0,8,10,23,0,2,15,26,2,0,28,12,5,4,12,0,1,4,24,73,35,18,76,0,4,0,1,159,137,130,2,0,0,6,4,1,5,5,1,4,0,0,1,34,73,84,113,139,165,138,165,192,210,210,241,256,276
0,3,56,2,4,21,2,3,8,11,22,4,2,17,18,2,0,27,16,0,8,4,5,1,0,22,68,37,14,74,0,0,0,7,161,138,127,0,1,5,0,2,4,0,0,3,0,2,0,10,35,80,92,116,144,166,153,176,202,214,225,249,267,277
7,0,57,1,3,25,0,4,8,15,26,0,1,17,18,0,1,29,17,1,8,5,0,0,0,25,62,33,14,78,1,3,0,0,147,137,127,5,3,4,3,5,6,2,2,4,0,0,0,6,36,73,92,120,144,169,155,181,198,217,229,252,258,281
3,0,52,2,3,25,5,0,5,19,25,0,6,19,22,0,2,24,17,3,9,9,4,0,1,16,68,39,10,77,0,0,0,0,150,145,128,1,1,0,0,0,0,4,4,0,0,7,0,8,42,77,93,125,153,172,146,178,183,215,227,242,263,283
8,5,57,0,3,24,1,0,0,16,26,0,0,19,24,3,5,26,7,4,12,6,0,3,0,19,70,37,16,76,2,0,0,0,150,133,128,0,3,4,0,2,0,1,0,0,2,1,0,5,43,75,88,122,155,182,160,188,202,218,227,255,267,289
2,4,47,1,0,25,0,4,6,21,23,2,0,17,26,0,0,17,19,0,11,13,1,0,4,26,62,31,17,83,4,5,4,1,150,141,126,0,3,4,1,4,6,4,0,0,5,0,0,14,40,77,89,118,153,179,164,172,196,217,221,245,256,283
0,0,55,4,0,18,3,0,7,17,22,4,3,20,20,1,2,26,8,3,11,6,2,4,0,19,65,28,16,90,0,2,0,0,139,138,130,3,6,0,0,3,5,0,0,0,0,3,0,11,46,83,102,131,156,185,159,188,209,235,238,256,264,287
0,0,54,0,0,21,0,4,4,16,16,0,0,18,21,0,3,21,6,0,9,16,2,1,2,16,69,38,21,83,2,2,4,0,155,141,132,1,0,6,4,1,4,0,6,1,2,3,0,5,33,60,83,110,129,160,130,154,180,207,220,232,249,269
8,4,51,0,0,24,0,4,4,13,23,6,4,19,22,0,3,28,10,1,7,7,3,3,1,24,62,38,17,86,1,0,7,1,151,140,131,1,0,4,0,3,3,2,0,0,0,5,0,13,42,62,93,118,153,176,155,180,196,224,227,254,268,287
0,0,46,0,5,17,1,1,0,16,17,4,1,15,29,0,1,28,19,3,7,11,4,0,4,26,71,41,17,70,0,0,2,5,143,127,125,4,2,0,5,0,4,2,2,1,1,1,0,7,48,77,92,125,151,178,154,189,203,227,233,255,264,286
6,0,55,0,0,29,0,0,9,21,31,0,0,14,18,0,3,32,19,0,7,10,4,5,1,27,83,46,17,51,0,5,0,3,160,132,122,2,5,0,1,0,0,0,4,4,0,4,0,4,33,68,95,129,152,177,163,183,207,229,229,255,271,291
0,0,55,1,0,27,0,2,8,20,27,4,3,13,20,1,0,27,15,6,12,13,5,3,3,31,85,42,22,60,0,1,3,0,153,136,129,0,0,6,0,0,3,2,0,0,3,6,0,6,34,75,93,112,138,160,155,185,206,225,233,251,263,289
9,0,48,0,0,27,0,4,7,20,32,1,4,17,27,0,4,32,24,5,8,9,0,3,0,30,86,39,12,49,4,1,0,0,162,142,126,2,0,0,3,4,3,0,0,0,1,1,0,6,35,71,96,117,143,166,143,173,199,223,223,248,260,281
7,4,55,0,0,23,0,0,11,13,32,2,4,14,27,4,0,35,19,0,7,14,1,0,2,30,86,37,12,48,1,6,0,4,158,141,127,0,2,0,0,0,1,1,2,5,1,0,0,10,43,74,85,115,130,166,148,176,197,224,232,255,270,290
4,0,60,0,2,25,3,0,2,12,24,4,1,18,25,0,0,35,24,5,1,10,0,0,0,30,85,36,20,55,0,0,3,4,162,141,121,0,0,0,12,1,0,4,3,1,2,1,0,13,49,79,100,122,140,169,149,180,201,224,220,245,251,271
4,0,58,1,0,26,3,0,0,20,28,1,2,13,20,0,4,36,20,6,7,8,0,1,5,29,83,43,17,51,0,4,0,0,158,142,127,2,0,0,0,1,0,1,2,3,4,3,0,11,38,80,96,123,146,168,143,165,185,216,210,232,259,276
1,0,51,1,0,21,0,0,6,18,31,0,0,16,26,2,0,29,14,4,1,4,0,0,1,19,77,41,14,66,0,0,2,0,153,130,123,3,0,0,0,0,4,3,0,1,2,0,0,5,40,72,91,123,145,176,154,182,188,217,222,237,254,274
7,3,52,0,1,28,0,0,7,16,29,0,0,21,26,1,0,28,18,0,10,7,4,1,0,30,76,43,22,78,6,0,3,0,144,128,133,0,1,6,2,5,0,5,4,1,3,0,0,6,43,77,93,123,151,177,149,180,202,225,237,258,269,283
0,1,47,0,1,14,0,0,11,19,26,0,2,14,28,0,0,30,7,6,9,12,0,0,0,24,76,39,15,81,0,5,0,5,141,153,134,0,1,2,3,0,2,0,0,2,1,3,0,12,35,73,83,120,143,170,159,177,209,225,222,243,268,275
7,0,49,0,0,26,0,0,8,18,20,0,1,10,13,3,0,25,11,0,7,12,0,0,4,16,64,38,23,89,1,0,0,0,135,144,135,0,0,5,0,0,1,3,14,0,4,0,0,4,50,84,101,131,157,178,163,183,212,237,238,260,275,293
0,0,41,2,0,19,0,2,0,20,20,0,0,17,25,4,0,28,6,13,6,5,0,6,0,16,69,37,21,87,0,5,0,0,131,135,128,1,1,0,0,0,5,1,4,5,0,0,0,2,42,75,92,122,140,172,156,174,203,223,229,249,265,294
2,0,48,0,0,28,4,0,4,18,15,1,3,10,20,1,0,29,7,1,11,9,0,2,1,16,65,38,17,82,1,3,3,0,143,142,134,4,0,4,1,0,2,0,0,0,3,0,0,11,45,72,98,126,150,178,162,178,197,223,227,255,269,290
0,0,41,4,0,27,0,0,5,19,20,4,1,21,26,0,0,25,12,4,12,12,0,3,1,18,70,38,17,87,3,0,0,7,141,137,134,5,0,0,0,0,3,0,0,0,2,1,0,2,42,81,92,121,147,174,158,178,203,229,230,251,267,277
2,1,41,1,1,28,0,0,5,22,23,2,4,18,15,0,1,25,12,0,8,14,2,0,0,18,73,41,11,85,5,0,3,6,146,145,138,5,1,0,0,0,0,0,5,1,4,3,0,7,35,64,81,119,135,164,152,167,191,213,226,250,262,279
6,4,46,3,0,26,0,3,18,18,25,3,0,17,29,0,0,29,13,0,9,8,0,5,0,19,63,29,20,85,3,4,3,1,148,143,136,5,0,0,0,0,0,12,1,1,0,0,0,5,39,74,89,123,150,177,157,187,206,212,222,252,267,288
0,2,49,5,0,31,1,2,8,16,27,4,0,21,23,2,4,22,12,5,11,12,6,5,2,17,73,33,20,85,1,0,0,3,147,139,136,2,4,3,3,4,3,1,3,1,3,0,0,5,35,70,90,111,149,172,153,180,198,214,227,247,267,287
5,0,46,0,0,24,0,0,8,22,25,3,1,15,27,3,0,25,18,7,9,16,2,0,3,23,71,45,23,82,5,0,2,5,142,134,135,0,3,0,1,2,5,0,4,0,0,4,0,2,36,74,86,108,138,166,145,167,198,223,230,249,271,285
6,4,47,0,0,20,3,0,4,18,24,0,0,17,28,0,0,29,17,4,2,11,3,5,0,20,68,39,13,82,2,0,0,0,134,140,134,3,2,4,0,4,14,0,0,0,3,0,0,12,46,86,101,133,153,176,159,176,192,214,228,241,270,291
0,4,47,2,0,23,3,0,9,12,18,4,0,19,25,1,2,29,13,0,9,10,0,0,0,18,65,37,24,81,1,0,0,0,124,136,132,0,0,2,0,0,5,0,0,6,0,0,0,12,48,84,105,135,158,173,165,183,208,227,226,260,276,289
0,4,52,7,4,27,4,2,4,20,27,0,0,19,28,0,0,27,12,0,14,9,0,1,3,28,79,33,20,83,0,0,0,2,152,124,132,0,2,1,1,0,5,3,0,7,3,6,0,8,44,78,84,125,148,176,146,179,188,218,222,242,257,280
5,0,48,0,0,28,3,0,4,18,22,1,0,19,26,0,2,29,17,6,8,11,4,5,0,26,78,47,19,87,3,0,2,0,142,128,142,4,0,0,1,0,0,0,0,1,1,0,0,10,37,70,83,118,137,170,151,183,198,211,227,252,260,281
5,0,49,1,2,29,0,5,7,16,25,4,6,20,22,2,0,30,5,0,9,13,3,0,4,24,71,37,14,86,3,2,1,3,150,140,143,0,1,1,0,7,0,0,2,0,12,3,0,5,42,72,85,114,144,174,154,175,198,222,232,249,261,284
7,4,53,4,0,26,2,0,7,22,22,0,3,22,25,1,3,22,16,3,10,10,0,0,5,26,71,36,18,81,0,4,0,0,152,138,132,5,0,1,2,0,2,5,5,0,6,5,0,5,40,73,94,119,143,169,153,174,188,218,222,241,265,280
0,0,44,4,0,30,0,0,8,13,23,0,4,13,23,1,0,31,14,4,10,20,0,2,4,28,68,46,20,77,0,0,3,7,156,136,130,3,3,4,5,0,0,2,2,1,0,0,0,3,34,73,90,110,135,163,146,166,197,217,227,244,263,287
5,0,53,2,0,25,0,2,10,19,26,3,0,21,22,1,1,23,17,5,7,7,4,2,0,25,79,44,19,80,4,0,5,0,151,145,136,3,1,3,4,4,0,0,1,0,6,0,0,10,49,85,94,119,152,175,154,182,205,226,227,248,264,285
0,2,52,1,0,29,5,0,10,20,25,4,0,12,16,1,0,26,17,6,11,13,0,0,1,27,72,42,12,87,0,7,1,5,155,146,127,2,0,2,0,2,2,1,6,0,0,4,0,0,34,63,90,114,145,180,162,183,210,228,234,262,270,297
7,0,50,0,0,25,0,3,10,20,17,0,0,18,30,4,5,29,15,5,8,9,3,3,3,23,73,37,17,83,2,1,0,0,163,141,136,3,0,4,3,3,0,0,3,0,0,0,0,9,40,81,101,130,149,178,156,179,199,225,225,253,269,282
4,3,49,3,0,30,2,1,8,14,38,0,0,14,13,1,4,25,15,6,5,16,0,3,2,27,73,41,22,81,0,0,0,0,152,143,136,3,2,5,3,1,1,3,0,2,3,6,0,0,34,60,80,116,144,163,150,177,200,228,222,247,261,289
7,0,63,1,2,26,0,5,5,21,25,6,0,14,23,4,0,35,14,1,12,12,0,4,0,23,73,41,24,79,3,4,14,0,151,146,133,2,0,0,4,5,0,4,0,0,3,0,0,0,31,64,68,101,123,162,140,166,203,215,215,248,264,281
2,1,55,0,0,29,2,0,9,25,20,0,2,19,22,2,0,27,10,5,5,15,0,1,2,23,76,43,17,72,1,4,0,1,153,142,131,1,0,0,3,0,0,0,1,4,0,0,0,0,31,73,88,110,149,173,152,188,206,221,223,249,268,283
7,0,49,3,0,20,4,0,6,18,27,2,0,14,26,1,0,42,8,5,8,13,5,5,2,29,76,43,20,77,1,2,6,4,158,143,138,5,0,0,0,0,1,0,1,0,0,1,0,12,44,67,91,120,145,176,153,181,199,227,231,252,266,286
2,4,52,2,1,28,7,1,6,21,19,3,0,18,28,3,1,29,7,6,3,13,4,1,5,16,75,47,24,83,0,0,7,0,154,135,132,4,1,0,2,0,2,0,3,0,0,4,0,12,47,84,97,131,152,180,169,185,206,234,240,252,275,300
6,5,50,0,3,22,0,4,7,17,27,3,3,23,18,5,3,21,7,1,10,14,0,0,0,26,73,36,14,75,0,0,2,0,151,143,136,2,0,0,0,4,5,5,0,2,0,2,0,5,49,73,99,129,154,180,154,175,194,227,230,248,264,275
4,0,45,3,0,25,1,0,1,13,23,0,3,14,24,0,0,31,15,2,9,5,0,4,0,26,72,44,19,81,0,0,3,3,154,143,140,0,0,0,0,0,9,3,0,0,0,1,0,6,43,79,91,126,152,177,155,184,211,224,229,240,269,286
5,1,45,3,3,24,0,3,8,19,20,3,5,22,25,0,4,26,13,5,10,12,0,1,0,17,72,42,23,78,2,0,0,1,140,144,128,0,2,0,0,0,0,3,2,1,2,0,0,10,38,74,92,124,148,174,162,184,200,226,236,258,266,286
1,0,57,0,0,18,3,3,5,16,25,4,0,13,23,2,0,28,10,3,10,16,0,0,0,21,70,44,22,72,0,0,0,1,151,147,138,0,2,0,2,0,0,0,2,4,1,0,0,5,36,75,90,119,150,166,143,175,194,221,221,245,264,283
7,1,49,0,4,24,0,4,5,17,23,0,0,17,21,1,0,30,14,5,9,15,0,0,5,11,73,39,19,84,5,4,0,0,150,140,137,3,1,4,3,0,5,0,1,0,0,3,0,8,36,68,103,126,147,171,155,183,205,238,235,248,266,272
6,0,48,0,0,28,2,1,4,18,25,3,3,17,26,0,3,26,3,0,10,16,2,0,2,18,65,32,20,82,1,1,0,3,152,144,134,0,0,4,0,0,0,0,0,0,1,4,0,8,44,77,90,119,145,173,157,178,199,218,208,233,246,265
0,3,45,4,0,28,1,6,7,12,16,0,3,19,29,4,0,20,16,6,6,4,0,0,0,24,70,54,19,82,2,0,0,0,154,141,136,0,1,0,2,0,0,0,4,0,2,1,0,0,35,71,87,121,146,177,153,175,203,219,230,250,274,296
2,0,49,3,0,21,0,0,7,23,16,0,3,13,25,6,0,22,16,4,11,15,0,0,1,18,77,38,23,76,0,4,1,0,154,140,135,1,3,12,0,0,0,3,5,1,0,1,0,3,41,73,82,118,142,164,152,176,184,212,215,246,266,277
3,0,48,3,4,21,2,0,9,24,21,0,1,23,21,2,1,27,11,7,12,10,6,0,0,22,74,38,17,81,5,0,0,0,151,146,132,0,2,1,3,4,0,2,0,0,0,0,0,5,42,79,82,109,144,165,149,176,196,216,212,238,255,279
0,0,48,0,2,19,0,3,11,24,18,5,4,21,25,2,3,26,16,2,9,10,1,0,0,20,66,36,12,81,0,3,6,4,146,142,130,4,6,3,0,5,4,0,0,2,0,0,0,3,41,69,89,126,150,172,158,186,193,221,219,240,260,280
7,2,43,5,1,27,0,2,3,18,20,0,4,22,18,2,0,26,14,0,7,10,2,0,3,23,75,38,17,79,0,1,7,0,158,143,120,1,0,4,0,0,0,0,4,5,0,5,0,0,36,71,82,115,140,170,154,177,203,224,235,252,270,286
2,1,52,0,0,27,0,0,13,18,34,0,4,13,26,0,3,25,15,2,7,13,2,0,0,20,74,43,17,85,0,0,2,0,147,140,126,0,3,4,5,0,0,2,0,4,0,4,0,0,31,62,83,112,148,173,148,182,204,232,233,255,279,295
0,0,48,3,0,24,5,5,6,24,26,2,6,21,19,1,1,33,9,9,9,14,1,0,0,23,74,39,19,87,0,4,0,1,159,143,130,6,0,1,0,4,0,0,0,4,1,2,0,9,44,84,99,124,149,184,151,181,204,218,217,247,264,272
8,1,54,0,2,23,4,4,10,17,22,0,3,21,30,3,4,22,19,4,8,8,0,1,1,25,67,45,20,85,0,3,1,0,152,134,133,0,0,1,5,4,1,2,2,2,1,0,0,10,43,77,98,111,152,174,161,179,200,231,228,248,263,286
2,0,50,0,4,25,0,0,9,21,26,2,4,19,25,4,6,27,12,0,11,11,0,1,0,14,71,31,21,85,4,4,0,0,148,139,130,1,6,0,0,1,0,6,1,3,2,3,0,15,39,67,87,118,142,171,154,177,199,222,216,245,259,275
2,2,55,4,2,24,0,0,10,19,27,0,2,21,21,0,0,27,12,2,9,6,2,3,0,17,73,39,18,84,3,0,1,0,152,144,130,0,5,1,0,0,0,0,4,2,1,5,0,10,40,77,95,122,151,169,149,183,206,210,227,252,271,290
3,0,50,0,0,27,2,1,7,24,26,4,0,19,23,2,0,26,13,0,9,15,0,0,2,20,72,44,17,73,0,0,0,0,145,138,139,3,3,0,1,8,2,0,0,0,3,0,0,5,35,71,85,119,142,165,148,176,191,217,220,235,262,284
0,4,53,1,1,16,2,0,9,20,18,1,4,21,26,2,3,27,10,0,13,10,0,4,1,10,68,38,22,82,5,0,0,4,154,147,127,0,0,0,0,1,1,1,5,1,3,1,0,14,37,78,93,128,151,179,159,186,202,229,233,259,263,294
6,0,53,1,2,24,0,6,6,12,19,0,0,20,24,0,1,29,13,1,9,5,0,1,0,20,72,40,16,79,0,0,1,0,148,144,142,5,0,2,2,1,3,0,9,0,2,0,0,15,48,78,97,127,152,186,166,179,203,222,225,238,267,275
5,0,53,3,3,18,0,0,11,18,24,0,0,24,26,5,0,25,16,5,7,9,0,5,0,22,72,38,24,76,0,0,7,0,155,138,146,0,1,3,3,4,0,1,0,3,2,0,0,8,49,73,85,123,145,179,155,171,202,225,227,252,268,288
14,3,60,3,3,25,0,9,9,24,21,1,0,20,28,2,2,28,11,0,10,10,0,0,1,20,68,38,18,81,0,0,0,4,141,132,145,2,1,1,2,0,4,0,2,0,1,3,0,3,40,74,87,120,141,168,147,177,204,227,231,246,265,286
4,0,51,0,4,22,4,0,11,18,19,0,0,18,23,0,3,26,12,14,10,10,0,0,0,9,62,38,20,86,3,3,1,0,147,139,136,0,4,3,3,1,1,4,0,0,5,2,0,6,30,63,83,115,140,160,132,160,187,213,211,242,255,267
5,4,41,0,0,24,2,0,1,13,17,0,2,22,24,0,0,20,5,2,7,9,1,0,0,20,61,42,21,83,1,0,0,0,142,134,138,4,0,0,0,2,2,4,1,0,5,5,0,17,43,79,99,128,154,181,159,190,207,235,237,251,276,293
4,2,48,0,0,26,0,0,9,21,12,1,0,23,24,3,0,27,5,0,3,13,6,0,2,19,63,37,18,87,0,2,6,1,144,142,133,0,1,0,0,1,5,0,0,4,3,1,0,2,36,75,88,116,151,175,169,164,195,211,223,254,257,276
1,0,49,0,0,15,0,3,5,21,20,3,0,15,26,3,4,18,14,4,4,9,0,0,2,9,60,42,20,88,0,4,3,1,143,137,127,0,1,0,3,0,1,2,0,0,4,0,0,3,40,70,77,101,131,161,138,172,186,217,223,243,264,284
0,0,52,0,0,30,3,2,8,17,17,4,3,11,25,0,1,25,11,0,11,15,0,0,2,11,65,32,14,78,0,1,14,1,147,135,139,0,0,0,1,4,5,0,5,8,2,0,0,0,39,73,93,120,144,168,145,174,199,211,224,242,253,274
5,3,53,1,4,26,0,0,7,16,17,3,0,21,24,1,4,29,12,5,12,15,4,0,1,19,63,42,9,78,1,0,3,0,137,129,138,5,0,0,2,0,0,1,0,1,4,1,0,13,47,80,93,121,149,177,152,183,211,226,234,250,269,289
0,2,52,0,4,25,2,2,4,17,20,2,6,22,19,5,4,36,13,3,9,11,0,0,0,23,68,39,20,80,0,0,0,0,149,133,132,2,0,4,2,0,5,0,0,1,1,0,0,7,39,75,93,121,139,172,152,174,191,211,228,233,252,281
1,2,53,0,3,27,0,0,9,14,21,5,2,23,17,1,4,31,15,1,5,14,0,0,0,19,71,43,19,83,0,5,0,0,151,131,140,0,5,5,0,2,4,1,0,0,3,5,0,13,46,70,96,122,147,173,146,169,196,216,216,241,260,271
0,0,52,0,2,23,4,0,2,22,21,0,2,27,25,0,4,25,7,6,10,10,2,0,4,25,63,43,21,82,4,0,0,5,147,141,144,0,3,1,5,0,0,2,1,3,0,4,0,6,45,74,80,119,145,174,147,177,200,221,229,249,270,278
6,3,53,0,2,25,1,0,0,23,20,3,0,19,20,0,3,31,13,0,13,14,0,1,0,16,65,40,22,81,3,5,3,0,153,134,130,3,2,4,0,0,5,5,0,0,0,1,0,1,37,70,85,120,148,168,158,182,204,233,231,256,269,290
0,2,52,0,0,25,0,0,6,12,16,0,2,20,24,0,1,25,19,6,11,5,0,4,3,22,71,44,18,85,4,0,5,2,152,128,129,1,4,0,3,0,0,2,0,3,3,0,0,5,42,80,84,126,154,182,151,185,204,227,231,256,274,292
3,2,50,0,0,24,0,2,11,22,13,0,3,20,16,5,0,25,15,2,2,17,4,0,0,20,71,43,22,83,3,0,3,0,149,144,145,0,0,0,0,0,5,2,2,3,3,3,0,8,42,67,89,120,140,178,155,178,198,224,229,245,271,292
6,2,52,0,3,27,0,0,0,11,22,0,0,18,29,0,0,30,10,4,2,16,0,1,0,24,73,41,15,75,0,0,3,0,156,135,142,0,0,2,1,4,0,5,2,6,3,4,0,8,42,75,84,114,148,169,151,177,200,220,236,253,273,295
0,4,52,2,0,18,0,0,2,21,24,0,4,23,25,0,4,31,14,6,6,12,4,3,3,22,62,46,26,79,0,4,0,0,139,136,142,0,5,1,1,0,0,1,0,0,2,0,0,8,33,75,94,117,150,180,162,178,197,227,227,252,265,290
11,2,49,0,0,25,2,6,6,12,15,6,5,12,28,0,0,24,15,2,12,11,0,5,2,20,60,43,22,84,2,5,4,1,149,140,140,0,0,0,0,5,4,1,0,2,0,4,0,10,43,80,91,127,155,178,156,179,200,222,229,252,266,273
1,2,48,0,0,25,5,0,4,12,16,0,0,23,22,0,3,28,13,6,8,15,5,0,2,19,65,40,21,92,0,1,0,0,122,138,152,3,0,0,0,4,1,5,1,0,1,0,0,11,41,80,93,123,145,164,146,159,191,206,214,236,253,272
1,1,44,4,0,21,1,0,6,16,7,0,1,22,22,4,5,23,11,0,6,15,0,0,3,21,62,32,18,93,0,2,0,1,141,138,136,1,0,0,0,0,0,0,2,6,0,0,0,5,42,77,94,126,152,173,156,181,208,225,239,247,271,285
1,5,44,1,0,22,4,2,9,18,16,3,0,19,26,2,2,19,15,1,4,11,4,0,3,22,64,41,19,84,0,0,0,6,139,138,147,0,0,0,3,0,2,3,0,3,0,4,0,9,45,76,99,132,153,182,163,183,204,233,235,264,282,299
0,0,45,1,0,14,3,0,2,18,18,3,4,16,20,0,2,27,11,0,6,14,2,0,0,21,62,41,23,76,0,0,0,5,145,129,140,0,2,0,0,1,0,0,1,0,0,0,0,6,45,81,95,120,147,165,148,182,204,222,234,253,269,281
3,2,45,0,2,20,1,0,5,18,19,5,2,17,26,0,0,28,6,3,11,13,0,1,0,15,71,38,15,75,3,0,0,6,149,136,141,0,4,0,4,3,2,3,0,0,0,2,0,11,37,78,91,121,149,168,161,182,205,228,228,254,267,290
2,0,45,0,4,24,0,3,0,15,21,0,0,20,21,4,0,27,9,2,0,10,0,0,1,18,66,36,18,72,0,4,0,0,150,142,133,0,0,3,0,0,0,2,3,5,0,5,0,7,42,69,96,128,146,175,151,181,199,224,223,245,264,283
4,3,50,2,0,14,2,1,2,14,22,0,0,18,22,0,0,43,18,0,1,13,1,0,0,26,70,34,23,69,0,3,5,0,147,136,140,0,0,2,0,0,0,0,0,0,2,0,0,7,41,76,90,112,142,173,152,178,199,228,226,244,259,269
5,0,53,3,4,22,0,3,7,22,16,1,0,16,15,4,0,28,18,2,13,16,0,2,0,26,81,37,21,71,0,1,0,0,149,137,137,2,1,0,0,0,4,0,0,0,2,1,0,6,30,72,89,109,141,167,153,173,197,220,221,241,259,279
0,2,51,3,0,29,2,5,7,21,22,4,0,23,25,3,0,35,19,6,12,15,0,0,0,22,86,38,23,63,0,0,0,5,151,140,144,0,1,1,4,0,4,4,4,2,0,0,0,2,22,70,81,116,147,174,142,169,192,216,219,245,267,272
0,3,52,1,0,24,1,5,0,9,22,0,3,19,22,0,1,29,13,0,11,7,0,0,1,25,79,45,23,72,0,0,0,8,156,126,143,4,1,0,0,4,1,1,0,3,6,2,0,11,46,81,97,130,158,171,158,183,210,229,228,251,267,288
2,2,47,5,3,24,2,3,7,19,24,2,0,23,25,0,1,36,15,5,7,16,0,1,4,26,82,48,14,63,0,0,0,6,157,146,142,0,4,4,0,0,0,0,0,3,2,0,0,0,28,66,84,111,133,158,150,181,204,222,233,251,272,281
0,1,42,4,3,15,2,0,1,21,22,4,2,16,25,1,1,32,22,7,11,9,0,3,1,30,87,36,20,53,5,0,0,7,183,144,149,0,0,0,1,4,3,0,5,5,2,0,0,1,33,71,84,119,140,169,151,176,190,200,214,233,254,269
1,0,47,2,5,26,1,12,1,19,22,0,3,13,29,4,4,27,16,3,10,12,0,0,0,13,72,39,20,76,2,0,5,3,149,142,146,0,0,4,0,0,0,3,1,4,1,0,0,2,42,75,94,116,139,168,147,177,201,214,232,252,269,289
4,2,45,0,0,26,1,0,7,15,12,5,0,20,30,0,1,31,16,4,4,5,3,2,3,15,59,43,18,86,0,0,6,0,142,144,153,0,0,0,4,1,0,1,2,1,6,0,0,3,38,75,95,125,147,179,156,181,206,230,235,255,276,288
6,1,46,0,2,24,0,1,0,18,24,1,0,14,25,3,2,22,14,4,13,11,0,0,2,17,69,49,18,82,0,0,5,0,148,134,151,5,0,0,0,0,5,2,0,2,4,0,0,0,26,70,83,113,144,163,145,182,200,212,224,247,266,291
0,3,48,0,2,26,5,4,5,20,19,0,1,22,22,2,0,28,11,6,5,6,4,5,0,21,74,43,20,81,0,1,2,4,144,141,144,0,0,2,3,0,14,0,4,1,0,0,0,10,48,82,96,119,153,178,154,179,191,222,229,242,253,279
6,1,50,2,2,26,0,5,0,16,28,0,2,21,17,0,0,33,17,5,9,6,1,2,0,26,83,38,19,59,1,0,4,8,164,147,143,6,4,0,0,1,5,3,5,3,0,1,0,8,50,78,93,117,147,174,158,186,206,224,237,259,268,291
0,0,51,2,0,18,6,0,11,17,22,5,3,13,17,3,0,27,16,1,14,11,6,2,4,27,77,49,24,62,0,0,0,5,154,138,149,4,4,0,0,0,0,4,0,0,0,2,0,3,38,74,88,113,143,168,146,178,200,218,235,255,273,285
2,1,46,0,0,22,0,0,5,21,21,0,5,24,23,0,1,34,18,1,5,11,0,0,1,28,75,45,24,68,0,1,0,5,151,138,147,0,2,2,0,3,5,1,0,2,4,0,0,9,44,80,100,135,156,188,166,195,216,231,234,257,263,284
0,3,51,0,0,18,3,0,5,23,17,0,0,34,25,0,2,29,16,1,9,12,0,6,0,29,70,45,23,72,0,0,3,0,158,134,148,4,0,0,1,0,3,5,0,2,0,2,0,7,41,81,96,119,146,175,156,178,201,217,235,253,279,282
1,0,50,0,4,22,0,0,7,14,33,3,3,20,25,0,1,34,11,2,1,13,0,4,5,26,75,34,10,63,0,4,0,7,162,142,135,0,4,1,0,1,1,1,4,0,2,4,0,5,34,58,77,108,138,165,149,167,184,213,218,242,254,280
2,0,47,0,3,19,2,0,4,18,21,0,0,18,19,4,4,31,12,0,12,15,5,5,2,21,65,35,17,83,1,0,2,2,140,127,142,1,2,5,0,5,1,0,2,4,3,0,0,8,30,61,83,114,136,155,142,169,188,215,221,244,260,278
1,0,47,0,0,23,0,3,0,21,14,0,0,18,19,0,4,20,12,1,12,14,4,0,0,18,59,33,18,87,2,1,2,0,125,145,141,0,4,0,3,0,0,0,3,0,1,0,0,6,46,73,89,125,150,169,161,180,201,228,235,255,270,293
0,0,46,0,0,25,4,1,6,19,17,2,3,22,23,0,2,24,16,6,5,14,0,3,3,20,62,37,32,83,1,2,0,7,143,141,144,2,3,0,1,2,3,5,0,0,0,2,0,12,46,79,96,121,150,170,147,171,204,219,231,242,266,287
4,0,43,0,2,19,0,3,9,19,16,4,3,33,21,0,3,31,16,2,12,9,1,0,0,22,64,32,21,89,0,6,0,0,141,138,144,3,0,1,0,3,0,2,2,0,0,5,0,5,36,76,93,114,147,176,156,185,200,230,237,260,276,295
0,2,45,4,3,17,5,0,6,20,21,0,0,22,23,0,3,34,13,4,8,11,0,4,6,16,66,37,21,87,1,0,0,6,141,128,150,0,0,3,2,5,1,5,6,0,0,2,0,6,43,80,91,124,150,177,160,187,192,223,228,248,264,286
1,0,36,0,0,22,1,1,2,16,22,0,0,13,16,3,5,22,14,5,8,13,4,3,1,18,69,29,19,87,0,3,0,0,141,141,148,4,1,0,0,1,2,0,0,0,0,0,0,8,43,77,92,124,155,180,162,186,209,231,240,261,277,297
0,0,47,2,2,26,3,0,7,18,23,2,2,22,21,0,1,26,17,7,14,16,3,1,0,29,77,44,19,95,0,0,0,6,150,130,137,0,0,0,4,1,1,3,1,0,1,6,0,15,48,75,91,127,149,179,156,182,206,230,237,257,279,295
1,2,42,4,3,20,0,0,6,15,13,1,2,23,24,3,5,19,15,8,8,18,0,3,4,16,73,61,26,116,0,0,3,2,138,137,142,0,1,5,2,0,0,0,2,0,1,4,0,9,47,85,93,130,149,180,156,185,205,228,239,256,277,294
0,0,35,0,0,17,0,4,5,15,11,4,3,23,26,1,0,25,14,4,10,19,2,0,0,15,62,62,22,98,1,0,0,0,159,148,154,0,0,1,5,5,0,1,3,2,0,0,0,7,41,67,87,121,147,172,146,174,191,220,216,240,264,278
6,0,34,0,4,18,0,4,6,6,7,0,0,16,24,0,3,19,3,1,15,29,2,0,0,17,62,57,25,106,0,6,0,2,143,153,154,0,0,0,2,4,1,1,4,5,3,0,0,6,42,73,89,122,135,168,151,166,186,202,209,231,243,263
5,1,32,1,2,14,2,0,7,10,10,5,5,25,27,0,0,23,8,2,11,14,3,1,0,11,66,52,17,106,0,3,5,2,139,144,155,1,5,2,5,4,5,1,3,2,4,1,0,9,45,79,94,122,147,165,150,173,196,210,223,250,266,275
5,0,37,5,0,18,1,0,10,17,10,0,0,22,22,0,4,25,12,2,13,17,3,0,0,14,62,47,21,96,2,0,0,0,152,152,151,4,3,0,3,4,2,2,5,3,4,0,0,7,37,75,91,119,149,182,153,185,207,218,225,247,268,287
0,1,34,0,0,21,3,0,10,15,11,1,4,25,28,0,2,22,11,3,9,18,1,0,0,13,69,56,17,97,3,0,2,0,156,158,154,0,0,0,1,0,4,1,4,0,2,4,0,13,42,82,87,112,147,170,146,166,197,220,226,241,262,275
0,0,37,1,0,20,5,0,8,16,4,0,1,18,27,3,0,26,12,7,8,13,4,1,0,12,66,52,22,94,4,1,1,0,160,154,151,3,0,0,2,3,4,0,1,0,0,4,0,6,39,75,89,122,150,172,147,177,205,220,225,243,263,276