FSR1,FSR2,FSR3,FSR4,FSR5,FSR6,FSR7,FSR8,FSR9,FSR10,FSR11,FSR12,FSR13,FSR14,FSR15,FSR16,FSR17,FSR18,FSR19,FSR20,FSR21,FSR22,FSR23,FSR24,FSR25,FSR26,FSR27,FSR28,FSR29,FSR30,FSR31,FSR32,FSR33,FSR34,FSR35,FSR36,FSR37,FSR38,FSR39,FSR40,FSR41,FSR42,FSR43,FSR44,FSR45,FSR46,FSR47,FSR48,FSR49,FSR50,FSR51,FSR52,FSR53,FSR54,FSR55,FSR56,FSR57,FSR58,FSR59,FSR60,FSR61,FSR62,FSR63,FSR64
0,21,0,0,0,0,0,0,23,0,26,0,0,18,0,0,28,32,18,0,29,25,0,0,16,43,62,0,27,34,0,0,35,94,62,0,68,0,0,0,0,0,0,0,0,0,0,0,0,0,0,0,0,0,0,0,0,0,0,0,0,0,0,0
0,31,0,0,19,0,0,0,20,0,29,0,0,29,0,0,18,29,0,0,30,26,0,0,0,49,60,0,25,32,0,0,32,106,73,0,61,0,0,0,0,0,0,0,0,0,0,0,0,0,0,0,0,0,0,0,0,0,0,0,0,0,0,0
0,30,0,0,19,17,0,0,20,0,23,0,0,16,0,0,23,28,0,0,28,29,0,0,21,35,52,0,35,37,0,0,30,96,70,0,73,0,0,0,0,0,0,0,0,0,0,0,0,0,0,0,0,0,0,0,0,0,0,0,0,0,0,0
19,34,0,0,0,0,0,0,31,0,25,0,17,22,0,0,22,29,18,0,28,42,0,0,0,36,59,0,31,35,0,0,39,110,75,0,62,0,0,0,0,0,0,0,0,0,0,0,0,0,0,0,0,0,0,0,0,0,0,0,0,0,0,0
16,34,0,0,23,0,0,0,25,0,23,0,0,22,0,0,20,31,21,0,27,28,0,0,21,44,55,0,36,30,0,0,35,120,90,0,57,0,0,0,0,0,0,0,0,0,0,0,0,0,0,0,0,0,0,0,0,0,0,0,0,0,0,0
0,31,0,0,22,0,0,0,26,0,21,0,16,0,0,0,23,32,24,0,28,23,0,0,19,38,57,0,34,40,0,0,38,97,66,0,64,0,0,0,0,0,0,0,0,0,0,0,0,0,0,0,0,0,0,0,0,0,0,0,0,0,0,0
0,37,0,0,21,0,0,0,26,0,28,0,0,21,0,0,19,27,23,0,19,19,0,0,0,37,63,0,27,38,0,0,40,113,72,0,64,0,0,0,0,0,0,0,0,0,0,0,0,0,0,0,0,0,0,0,0,0,0,0,0,0,0,0
0,29,0,0,21,0,0,0,24,0,25,0,0,23,0,0,18,29,25,0,27,27,0,0,19,39,57,0,27,34,0,0,31,113,71,0,73,0,0,0,0,0,0,0,0,0,0,0,0,0,0,0,0,0,0,0,0,0,0,0,0,0,0,0
0,29,0,0,0,0,0,0,23,0,30,0,16,17,0,0,20,26,16,0,19,27,0,0,20,38,49,0,30,34,0,0,34,117,77,0,60,0,0,0,0,0,0,0,0,0,0,0,0,0,0,0,0,0,0,0,0,0,0,0,0,0,0,0
0,28,0,0,20,0,0,0,16,0,21,0,0,19,0,0,22,29,20,0,26,29,0,0,19,27,63,0,29,32,0,0,33,113,72,0,59,0,0,0,0,0,0,0,0,0,0,0,0,0,0,0,0,0,0,0,0,0,0,0,0,0,0,0
0,25,0,0,19,0,0,0,30,0,30,0,0,20,0,0,23,32,0,0,27,26,0,0,0,37,59,0,31,27,0,0,31,124,68,0,63,0,0,0,0,0,0,0,0,0,0,0,0,0,0,0,0,0,0,0,0,0,0,0,0,0,0,0
0,27,0,0,18,0,0,0,26,0,25,0,0,20,0,0,24,28,17,0,28,22,0,0,0,36,50,0,31,29,0,0,34,110,60,0,70,0,0,0,0,0,0,0,0,0,0,0,0,0,0,0,0,0,0,0,0,0,0,0,0,0,0,0
0,29,0,0,16,17,0,0,28,0,29,0,0,0,0,0,26,27,18,0,22,28,0,0,16,46,53,0,29,27,0,0,32,117,69,0,63,0,0,0,0,0,0,0,0,0,0,0,0,0,0,0,0,0,0,0,0,0,0,0,0,0,0,0
0,29,0,0,0,0,0,0,18,0,21,0,0,21,0,0,23,30,19,0,23,24,0,0,0,33,52,0,32,39,0,0,32,116,68,0,75,0,0,0,0,0,0,0,0,0,0,0,0,0,0,0,0,0,0,0,0,0,0,0,0,0,0,0
0,31,0,0,0,0,0,0,26,0,26,0,0,20,0,0,26,23,0,0,20,20,0,0,17,40,54,0,30,40,0,0,29,110,71,0,71,0,0,0,0,0,0,0,0,0,0,0,0,0,0,0,0,0,0,0,0,0,0,0,0,0,0,0
0,28,0,0,20,0,0,0,25,0,27,0,0,20,0,0,30,29,21,0,25,28,0,0,17,40,53,0,28,35,0,0,37,101,52,0,71,0,0,0,0,0,0,0,0,0,0,0,0,0,0,0,0,0,0,0,0,0,0,0,0,0,0,0
0,37,0,0,18,20,0,0,27,0,16,0,0,19,0,0,27,28,21,0,27,29,0,0,21,42,55,0,31,30,0,0,41,109,54,0,70,0,0,0,0,0,0,0,0,0,0,0,0,0,0,0,0,0,0,0,0,0,0,0,0,0,0,0
0,33,0,0,22,0,0,0,27,0,30,0,0,18,0,0,25,23,18,0,28,27,0,0,23,44,52,0,34,30,0,0,39,117,61,0,60,0,0,0,0,0,0,0,0,0,0,0,0,0,0,0,0,0,0,0,0,0,0,0,0,0,0,0
17,36,0,0,18,18,0,0,26,0,29,0,0,23,0,0,24,30,23,0,28,29,0,0,17,38,53,0,35,31,0,0,43,117,59,0,69,0,0,0,0,0,0,0,0,0,0,0,0,0,0,0,0,0,0,0,0,0,0,0,0,0,0,0
0,34,0,0,22,16,0,0,29,0,29,0,0,22,0,0,26,26,25,0,30,21,0,0,18,44,59,0,29,23,0,0,25,123,54,0,71,0,0,0,0,0,0,0,0,0,0,0,0,0,0,0,0,0,0,0,0,0,0,0,0,0,0,0
0,27,0,0,16,0,0,0,28,0,26,0,0,17,0,0,24,33,21,0,33,26,0,0,18,43,60,0,27,21,0,0,40,118,58,0,74,0,0,0,0,0,0,0,0,0,0,0,0,0,0,0,0,0,0,0,0,0,0,0,0,0,0,0
0,31,0,0,19,0,0,0,35,0,27,0,0,21,0,0,19,19,0,0,21,27,0,0,16,36,53,0,29,25,0,0,28,106,54,0,63,0,0,0,0,0,0,0,0,0,0,0,0,0,0,0,0,0,0,0,0,0,0,0,0,0,0,0
0,25,0,0,0,22,0,0,31,0,24,0,0,24,0,0,23,18,20,0,25,28,0,0,20,40,59,0,28,30,0,0,37,115,62,0,73,0,0,0,0,0,0,0,0,0,0,0,0,0,0,0,0,0,0,0,0,0,0,0,0,0,0,0
0,29,0,0,17,24,0,0,25,0,30,0,0,23,0,0,20,28,28,0,18,21,0,0,23,43,52,0,34,34,0,0,39,108,70,0,72,0,0,0,0,0,0,0,0,0,0,0,0,0,0,0,0,0,0,0,0,0,0,0,0,0,0,0
0,33,0,0,19,0,0,0,24,0,26,0,0,25,0,0,22,27,21,0,30,25,0,0,16,42,63,0,32,21,0,0,34,95,65,0,71,0,0,0,0,0,0,0,0,0,0,0,0,0,0,0,0,0,0,0,0,0,0,0,0,0,0,0
0,26,0,0,0,0,0,0,29,0,29,0,0,22,0,0,0,27,19,0,31,21,0,0,0,38,64,0,36,26,0,0,39,113,70,0,63,0,0,0,0,0,0,0,0,0,0,0,0,0,0,0,0,0,0,0,0,0,0,0,0,0,0,0
0,33,0,0,0,19,0,0,22,0,21,0,0,25,0,0,26,20,21,0,38,24,0,0,0,32,62,0,33,30,0,0,39,112,65,0,69,0,0,0,0,0,0,0,0,0,0,0,0,0,0,0,0,0,0,0,0,0,0,0,0,0,0,0
18,31,0,0,16,25,0,0,18,0,25,0,0,0,0,0,25,27,16,0,26,33,0,0,19,40,59,0,33,25,0,0,40,123,68,0,69,0,0,0,0,0,0,0,0,0,0,0,0,0,0,0,0,0,0,0,0,0,0,0,0,0,0,0
0,30,0,0,17,24,0,0,28,0,27,0,16,20,0,0,27,28,18,0,37,30,0,0,18,39,58,0,34,27,0,0,39,102,64,0,61,0,0,0,0,0,0,0,0,0,0,0,0,0,0,0,0,0,0,0,0,0,0,0,0,0,0,0
0,34,0,0,18,24,0,0,27,0,24,0,16,21,0,0,25,23,22,0,37,26,0,0,0,40,59,0,32,31,0,0,28,107,64,0,69,0,0,0,0,0,0,0,0,0,0,0,0,0,0,0,0,0,0,0,0,0,0,0,0,0,0,0
17,24,0,0,19,23,0,0,28,0,30,0,0,20,0,0,27,24,19,0,36,26,0,0,0,41,60,0,33,32,0,0,37,107,55,0,65,0,0,0,0,0,0,0,0,0,0,0,0,0,0,0,0,0,0,0,0,0,0,0,0,0,0,0
0,30,0,0,0,22,0,0,32,0,31,0,0,21,0,0,24,26,18,0,40,26,0,0,0,40,63,0,36,25,0,0,35,104,53,0,69,0,0,0,0,0,0,0,0,0,0,0,0,0,0,0,0,0,0,0,0,0,0,0,0,0,0,0
0,34,0,0,22,25,0,0,24,0,17,0,16,27,0,0,25,31,26,0,35,35,0,0,0,31,58,0,33,26,0,0,40,111,53,0,73,0,0,0,0,0,0,0,0,0,0,0,0,0,0,0,0,0,0,0,0,0,0,0,0,0,0,0
0,33,0,0,19,17,0,0,32,0,27,0,18,23,0,0,20,31,0,0,37,32,0,0,16,39,52,0,34,23,0,0,45,89,41,0,71,0,0,0,0,0,0,0,0,0,0,0,0,0,0,0,0,0,0,0,0,0,0,0,0,0,0,0
0,25,0,0,0,18,0,0,20,0,24,0,18,27,0,0,26,33,22,0,50,35,0,0,18,44,63,16,36,34,0,0,41,91,54,0,66,0,0,0,0,0,0,0,0,0,0,0,0,0,0,0,0,0,0,0,0,0,0,0,0,0,0,0
0,28,0,0,0,27,0,0,20,0,25,0,17,24,0,0,22,26,25,0,39,29,0,0,18,39,63,0,35,32,0,0,39,99,53,0,71,0,0,0,0,0,0,0,0,0,0,0,0,0,0,0,0,0,0,0,0,0,0,0,0,0,0,0
0,30,0,0,24,17,0,0,27,0,27,0,0,0,0,0,24,29,16,0,45,26,0,0,0,41,59,0,35,25,0,0,37,103,45,0,76,0,0,0,0,0,0,0,0,0,0,0,0,0,0,0,0,0,0,0,0,0,0,0,0,0,0,0
0,26,0,0,21,18,0,0,35,16,33,0,18,0,0,0,22,31,23,0,41,35,0,0,0,46,62,0,24,35,0,0,40,99,61,0,77,0,0,0,0,0,0,0,0,0,0,0,0,0,0,0,0,0,0,0,0,0,0,0,0,0,0,0
0,31,0,0,17,18,0,0,32,0,25,0,18,30,0,0,24,45,29,0,35,28,0,0,0,34,59,0,34,32,0,0,41,98,63,0,75,0,0,0,0,0,0,0,0,0,0,0,0,0,0,0,0,0,0,0,0,0,0,0,0,0,0,0
0,35,0,0,16,17,0,0,32,0,29,0,0,0,0,0,24,29,29,0,42,36,0,0,16,42,63,0,38,33,0,0,40,100,71,0,71,0,0,0,0,0,0,0,0,0,0,0,0,0,0,0,0,0,0,0,0,0,0,0,0,0,0,0
16,37,0,0,0,20,0,0,27,0,29,0,18,23,0,0,27,28,23,0,39,31,0,0,19,31,62,0,36,37,0,0,37,99,54,0,71,0,0,0,0,0,0,0,0,0,0,0,0,0,0,0,0,0,0,0,0,0,0,0,0,0,0,0
0,25,0,0,20,0,0,0,35,0,30,0,0,24,0,0,23,28,16,0,33,26,0,0,0,39,61,0,33,27,0,0,39,89,64,0,74,0,0,0,0,0,0,0,0,0,0,0,0,0,0,0,0,0,0,0,0,0,0,0,0,0,0,0
17,29,0,0,21,0,0,0,31,0,31,0,17,24,0,0,27,29,19,0,40,32,0,0,0,35,60,0,28,27,0,0,37,107,58,0,60,0,0,0,0,0,0,0,0,0,0,0,0,0,0,0,0,0,0,0,0,0,0,0,0,0,0,0
0,32,0,0,24,17,0,0,29,0,28,0,21,31,0,0,27,24,25,0,41,29,0,0,0,36,59,0,32,23,0,0,33,95,55,0,62,0,0,0,0,0,0,0,0,0,0,0,0,0,0,0,0,0,0,0,0,0,0,0,0,0,0,0
0,30,0,0,29,0,0,0,30,0,30,0,0,24,0,0,26,27,24,0,38,31,0,0,18,44,55,0,35,27,0,0,31,108,63,0,70,0,0,0,0,0,0,0,0,0,0,0,0,0,0,0,0,0,0,0,0,0,0,0,0,0,0,0
0,30,0,0,26,23,0,0,33,0,28,0,17,24,0,0,25,35,26,0,39,30,0,0,18,45,55,0,28,32,0,0,36,110,56,0,65,0,0,0,0,0,0,0,0,0,0,0,0,0,0,0,0,0,0,0,0,0,0,0,0,0,0,0
0,28,0,0,21,26,0,0,31,0,24,0,19,21,0,0,28,31,32,0,33,25,0,0,17,42,64,0,32,34,0,0,39,103,54,0,74,0,0,0,0,0,0,0,0,0,0,0,0,0,0,0,0,0,0,0,0,0,0,0,0,0,0,0
16,22,0,0,23,28,0,0,28,0,28,0,22,27,0,0,28,35,19,0,38,35,0,0,20,43,64,0,38,29,0,0,30,105,63,0,63,0,0,0,0,0,0,0,0,0,0,0,0,0,0,0,0,0,0,0,0,0,0,0,0,0,0,0
0,26,0,0,22,0,0,0,42,16,32,0,18,27,0,0,27,39,25,0,36,29,0,0,18,44,64,0,34,28,0,0,35,105,57,0,61,0,0,0,0,0,0,0,0,0,0,0,0,0,0,0,0,0,0,0,0,0,0,0,0,0,0,0
0,29,0,0,23,16,0,0,27,0,36,0,16,28,0,0,28,33,26,0,39,34,0,0,0,42,67,0,32,30,0,0,36,108,67,0,60,0,0,0,0,0,0,0,0,0,0,0,0,0,0,0,0,0,0,0,0,0,0,0,0,0,0,0
19,29,0,0,18,19,0,0,31,0,24,0,16,26,0,0,21,37,32,0,35,33,0,0,18,50,63,0,32,21,0,0,34,109,70,0,58,0,0,0,0,0,0,0,0,0,0,0,0,0,0,0,0,0,0,0,0,0,0,0,0,0,0,0
0,28,0,0,0,26,0,0,24,0,32,0,0,22,0,0,21,33,29,0,33,24,0,0,17,38,60,0,37,28,0,0,34,114,60,0,69,0,0,0,0,0,0,0,0,0,0,0,0,0,0,0,0,0,0,0,0,0,0,0,0,0,0,0
17,30,0,0,20,24,0,0,22,18,33,0,17,24,0,0,29,32,24,0,33,22,0,0,18,41,59,0,28,28,0,0,42,101,49,0,67,0,0,0,0,0,0,0,0,0,0,0,0,0,0,0,0,0,0,0,0,0,0,0,0,0,0,0
0,28,0,0,0,22,0,0,27,0,30,0,0,24,0,0,21,36,28,0,28,29,0,0,0,41,57,0,30,36,0,0,42,108,60,0,74,0,0,0,0,0,0,0,0,0,0,0,0,0,0,0,0,0,0,0,0,0,0,0,0,0,0,0
0,29,0,0,21,24,0,0,25,0,30,0,19,19,0,0,23,32,27,0,32,23,0,0,0,43,61,0,31,29,0,0,41,104,61,0,70,0,0,0,0,0,0,0,0,0,0,0,0,0,0,0,0,0,0,0,0,0,0,0,0,0,0,0
0,24,0,0,20,35,0,0,21,0,35,0,21,26,0,0,0,28,26,0,33,31,0,0,16,36,57,0,35,31,0,0,34,102,67,0,67,0,0,0,0,0,0,0,0,0,0,0,0,0,0,0,0,0,0,0,0,0,0,0,0,0,0,0
0,26,0,0,23,21,0,0,29,0,34,0,0,21,0,0,23,25,21,0,31,29,0,0,17,41,46,0,30,29,0,0,37,111,67,0,70,0,0,0,0,0,0,0,0,0,0,0,0,0,0,0,0,0,0,0,0,0,0,0,0,0,0,0
0,26,0,0,19,20,0,0,32,0,32,0,21,23,0,0,24,29,21,0,21,31,0,0,0,37,53,0,35,18,0,0,35,129,73,0,56,0,0,0,0,0,0,0,0,0,0,0,0,0,0,0,0,0,0,0,0,0,0,0,0,0,0,0
0,31,0,0,17,27,0,0,35,0,28,0,0,25,0,0,24,30,17,0,33,26,0,0,0,32,55,0,37,25,0,0,37,130,68,0,69,0,0,0,0,0,0,0,0,0,0,0,0,0,0,0,0,0,0,0,0,0,0,0,0,0,0,0
0,33,0,0,19,26,0,0,34,17,32,0,0,31,0,0,23,32,26,0,31,30,0,0,0,36,59,0,35,26,0,0,35,124,64,0,66,0,0,0,0,0,0,0,0,0,0,0,0,0,0,0,0,0,0,0,0,0,0,0,0,0,0,0
0,26,0,0,20,23,0,0,31,0,35,0,0,23,0,0,0,24,26,0,33,28,0,0,0,38,54,0,32,21,0,0,41,109,66,0,66,0,0,0,0,0,0,0,0,0,0,0,0,0,0,0,0,0,0,0,0,0,0,0,0,0,0,0
0,31,0,0,0,22,0,0,32,0,23,0,17,18,0,0,21,35,25,0,27,27,0,0,0,41,49,0,34,28,0,0,41,124,66,0,66,0,0,0,0,0,0,0,0,0,0,0,0,0,0,0,0,0,0,0,0,0,0,0,0,0,0,0
0,24,0,0,25,20,0,0,26,0,31,0,16,16,0,0,25,30,25,0,27,24,0,0,0,41,57,0,38,23,0,0,33,120,69,0,53,0,0,0,0,0,0,0,0,0,0,0,0,0,0,0,0,0,0,0,0,0,0,0,0,0,0,0
0,29,0,0,25,0,0,0,33,0,25,0,0,24,0,0,22,22,26,0,27,29,0,0,0,39,58,0,33,37,0,0,45,109,68,0,58,0,0,0,0,0,0,0,0,0,0,0,0,0,0,0,0,0,0,0,0,0,0,0,0,0,0,0
16,24,0,0,22,23,0,0,30,0,30,0,22,23,0,0,24,33,29,0,36,30,0,0,0,39,55,0,38,29,0,0,43,115,69,0,78,0,0,0,0,0,0,0,0,0,0,0,0,0,0,0,0,0,0,0,0,0,0,0,0,0,0,0
0,30,0,0,19,18,0,0,32,0,28,0,23,18,0,0,26,31,24,0,39,27,0,0,0,38,59,0,34,33,0,0,38,117,65,0,69,0,0,0,0,0,0,0,0,0,0,0,0,0,0,0,0,0,0,0,0,0,0,0,0,0,0,0
18,23,0,0,0,19,0,0,32,0,36,0,19,26,0,0,22,33,20,0,24,34,0,0,21,35,59,0,38,34,0,0,46,117,68,0,62,0,0,0,0,0,0,0,0,0,0,0,0,0,0,0,0,0,0,0,0,0,0,0,0,0,0,0
0,20,0,0,24,21,0,0,30,0,34,0,20,16,0,0,24,33,26,0,31,33,0,0,0,44,65,0,34,27,0,0,36,119,68,0,62,0,0,0,0,0,0,0,0,0,0,0,0,0,0,0,0,0,0,0,0,0,0,0,0,0,0,0
0,28,0,0,19,0,0,0,28,0,30,0,0,25,0,0,23,30,24,0,34,33,0,0,0,39,57,0,31,28,0,0,43,120,76,0,61,0,0,0,0,0,0,0,0,0,0,0,0,0,0,0,0,0,0,0,0,0,0,0,0,0,0,0
0,30,0,0,18,0,0,0,28,0,33,0,17,28,0,0,22,28,26,0,29,33,0,0,0,41,58,0,35,17,0,0,41,123,83,0,60,0,0,0,0,0,0,0,0,0,0,0,0,0,0,0,0,0,0,0,0,0,0,0,0,0,0,0
0,24,0,0,19,21,0,0,29,17,30,0,22,21,0,0,17,29,27,0,31,23,0,0,21,38,63,0,37,27,0,0,38,121,80,0,64,0,0,0,0,0,0,0,0,0,0,0,0,0,0,0,0,0,0,0,0,0,0,0,0,0,0,0
0,29,0,0,22,23,0,0,30,0,24,0,16,26,0,0,17,30,25,0,32,33,0,0,18,43,60,0,34,22,0,0,43,120,75,0,60,0,0,0,0,0,0,0,0,0,0,0,0,0,0,0,0,0,0,0,0,0,0,0,0,0,0,0
0,24,0,0,16,21,0,0,25,17,34,0,19,26,0,0,22,32,28,0,30,30,0,0,19,40,74,0,34,30,0,0,29,120,61,0,61,0,0,0,0,0,0,0,0,0,0,0,0,0,0,0,0,0,0,0,0,0,0,0,0,0,0,0
0,28,0,0,0,22,0,0,33,0,27,0,0,27,0,0,26,29,25,0,32,37,0,0,0,33,53,0,36,27,0,0,41,115,66,0,65,0,0,0,0,0,0,0,0,0,0,0,0,0,0,0,0,0,0,0,0,0,0,0,0,0,0,0
0,30,0,0,22,25,0,0,32,0,32,0,19,21,0,0,24,34,20,0,33,37,0,0,19,38,60,0,32,24,0,0,40,127,63,0,58,0,0,0,0,0,0,0,0,0,0,0,0,0,0,0,0,0,0,0,0,0,0,0,0,0,0,0
0,31,0,0,19,21,0,0,31,0,21,0,19,24,0,0,24,28,27,0,33,34,0,0,0,35,62,0,38,26,0,0,35,120,66,0,62,0,0,0,0,0,0,0,0,0,0,0,0,0,0,0,0,0,0,0,0,0,0,0,0,0,0,0
0,24,0,0,0,23,0,0,32,0,23,0,0,26,0,0,23,29,29,0,35,26,0,0,0,40,63,0,36,17,0,0,42,128,68,0,64,0,0,0,0,0,0,0,0,0,0,0,0,0,0,0,0,0,0,0,0,0,0,0,0,0,0,0
0,25,0,0,18,16,0,0,30,0,30,0,0,25,0,0,27,29,24,0,32,29,0,0,0,40,65,0,37,25,0,0,38,127,63,0,58,0,0,0,0,0,0,0,0,0,0,0,0,0,0,0,0,0,0,0,0,0,0,0,0,0,0,0
0,25,0,0,17,0,0,0,25,0,35,0,18,24,0,0,19,27,26,0,33,27,0,0,23,45,60,0,30,32,0,0,35,103,53,0,65,0,0,0,0,0,0,0,0,0,0,0,0,0,0,0,0,0,0,0,0,0,0,0,0,0,0,0
0,37,0,0,18,21,0,0,37,0,30,0,20,23,0,0,22,31,28,0,33,34,0,0,24,38,69,0,36,33,0,0,41,116,65,0,64,0,0,0,0,0,0,0,0,0,0,0,0,0,0,0,0,0,0,0,0,0,0,0,0,0,0,0
16,23,0,0,0,20,0,0,27,0,33,0,18,22,0,0,25,24,24,0,26,27,0,0,0,45,68,0,39,31,0,0,41,113,66,0,59,0,0,0,0,0,0,0,0,0,0,0,0,0,0,0,0,0,0,0,0,0,0,0,0,0,0,0
22,32,0,0,0,18,0,0,32,0,28,0,0,23,0,0,25,30,25,0,30,23,0,0,0,47,64,0,30,26,0,0,31,114,57,0,68,0,0,0,0,0,0,0,0,0,0,0,0,0,0,0,0,0,0,0,0,0,0,0,0,0,0,0
0,30,0,0,0,26,0,0,30,0,35,0,19,22,0,0,25,34,24,0,32,34,0,0,22,50,55,0,33,24,0,0,41,111,75,0,61,0,0,0,0,0,0,0,0,0,0,0,0,0,0,0,0,0,0,0,0,0,0,0,0,0,0,0
0,23,0,0,19,0,0,0,35,0,31,0,0,25,0,0,24,33,21,0,32,25,0,0,22,38,62,0,31,27,0,0,43,99,66,0,59,0,0,0,0,0,0,0,0,0,0,0,0,0,0,0,0,0,0,0,0,0,0,0,0,0,0,0
0,31,0,0,16,21,0,0,39,16,32,0,18,26,0,0,27,30,28,0,36,36,0,0,22,44,54,0,37,29,0,0,39,106,56,0,63,0,0,0,0,0,0,0,0,0,0,0,0,0,0,0,0,0,0,0,0,0,0,0,0,0,0,0
18,26,0,0,19,26,0,0,33,16,27,0,17,0,0,0,22,25,19,0,34,28,0,0,19,46,58,0,35,36,0,0,36,107,55,0,67,0,0,0,0,0,0,0,0,0,0,0,0,0,0,0,0,0,0,0,0,0,0,0,0,0,0,0
0,29,0,0,22,0,0,0,36,0,31,0,19,28,0,0,19,31,28,0,37,28,0,0,24,45,55,0,35,32,0,0,37,109,53,0,71,0,0,0,0,0,0,0,0,0,0,0,0,0,0,0,0,0,0,0,0,0,0,0,0,0,0,0
0,32,0,0,16,19,0,0,40,0,34,0,0,19,0,0,24,32,28,0,36,31,0,0,29,43,56,0,37,36,0,0,36,104,65,0,69,0,0,0,0,0,0,0,0,0,0,0,0,0,0,0,0,0,0,0,0,0,0,0,0,0,0,0
0,28,0,0,0,0,0,0,39,0,35,0,0,25,0,0,29,29,23,0,34,35,0,0,24,47,58,0,37,29,0,0,36,109,68,0,65,0,0,0,0,0,0,0,0,0,0,0,0,0,0,0,0,0,0,0,0,0,0,0,0,0,0,0
0,27,0,0,0,20,0,0,34,0,24,0,0,26,0,0,27,32,24,0,37,30,0,0,0,38,59,0,40,29,0,0,29,82,60,0,68,0,0,0,0,0,0,0,0,0,0,0,0,0,0,0,0,0,0,0,0,0,0,0,0,0,0,0
20,25,0,0,0,19,0,0,39,0,31,0,22,23,0,0,0,27,27,0,39,25,0,0,18,45,59,0,44,32,0,0,31,95,49,0,63,0,0,0,0,0,0,0,0,0,0,0,0,0,0,0,0,0,0,0,0,0,0,0,0,0,0,0
0,31,0,0,19,19,0,0,35,0,34,0,20,28,0,0,28,31,28,0,29,32,0,0,23,39,55,0,40,27,0,0,41,91,62,0,68,0,0,0,0,0,0,0,0,0,0,0,0,0,0,0,0,0,0,0,0,0,0,0,0,0,0,0
0,28,0,0,19,20,0,0,39,0,28,0,19,27,0,0,24,48,32,0,37,34,0,0,28,37,61,0,38,28,0,0,43,111,70,0,60,0,0,0,0,0,0,0,0,0,0,0,0,0,0,0,0,0,0,0,0,0,0,0,0,0,0,0
0,22,0,0,0,25,0,0,30,0,28,0,22,22,0,0,28,34,30,0,39,26,0,0,22,47,65,0,31,27,0,0,39,109,71,0,61,0,0,0,0,0,0,0,0,0,0,0,0,0,0,0,0,0,0,0,0,0,0,0,0,0,0,0
0,33,0,0,0,24,0,0,35,0,32,0,30,25,0,0,32,32,32,0,35,36,0,0,21,46,65,0,40,22,0,0,44,116,60,0,74,0,0,0,0,0,0,0,0,0,0,0,0,0,0,0,0,0,0,0,0,0,0,0,0,0,0,0
0,34,0,0,25,23,0,0,35,0,22,0,0,25,0,0,25,32,29,0,36,31,0,0,24,41,62,0,30,23,0,0,39,119,71,0,63,0,0,0,0,0,0,0,0,0,0,0,0,0,0,0,0,0,0,0,0,0,0,0,0,0,0,0
0,26,16,0,21,26,0,0,38,0,34,0,17,20,0,0,21,35,28,0,27,35,0,0,20,49,68,0,34,21,0,0,46,111,65,0,58,0,0,0,0,0,0,0,0,0,0,0,0,0,0,0,0,0,0,0,0,0,0,0,0,0,0,0
0,33,0,0,21,0,0,0,37,0,32,0,21,27,0,0,28,31,31,0,39,26,0,0,19,49,60,0,29,0,0,0,41,115,79,0,57,0,0,0,0,0,0,0,0,0,0,0,0,0,0,0,0,0,0,0,0,0,0,0,0,0,0,0
19,32,0,0,20,0,0,0,31,0,31,0,17,25,0,0,31,37,31,0,37,28,0,0,24,50,64,0,34,23,0,0,35,106,68,0,56,0,0,0,0,0,0,0,0,0,0,0,0,0,0,0,0,0,0,0,0,0,0,0,0,0,0,0
22,34,0,0,0,22,0,0,33,0,33,0,0,23,0,0,27,33,24,0,35,32,0,0,23,50,63,0,40,22,0,0,35,116,76,0,53,0,0,0,0,0,0,0,0,0,0,0,0,0,0,0,0,0,0,0,0,0,0,0,0,0,0,0
0,28,0,0,21,22,0,0,34,0,27,0,0,24,0,0,29,37,27,0,32,30,0,0,22,48,61,0,31,20,0,0,42,114,70,0,61,0,0,0,0,0,0,0,0,0,0,0,0,0,0,0,0,0,0,0,0,0,0,0,0,0,0,0
16,29,0,0,0,22,0,0,31,0,31,0,20,19,0,0,21,27,26,0,35,34,0,0,28,42,58,0,33,27,0,0,45,110,68,0,53,0,0,0,0,0,0,0,0,0,0,0,0,0,0,0,0,0,0,0,0,0,0,0,0,0,0,0
17,26,0,0,24,19,0,0,32,0,31,0,23,29,0,0,27,31,32,0,33,37,0,0,17,36,67,0,35,29,0,0,39,92,54,0,61,0,0,0,0,0,0,0,0,0,0,0,0,0,0,0,0,0,0,0,0,0,0,0,0,0,0,0
0,27,0,0,19,20,0,0,28,0,23,0,20,25,0,0,0,29,22,0,37,39,0,0,0,30,61,0,35,25,0,0,41,82,55,0,72,0,0,0,0,0,0,0,0,0,0,0,0,0,0,0,0,0,0,0,0,0,0,0,0,0,0,0
0,27,0,0,18,26,0,0,34,0,31,0,23,25,0,0,22,35,33,0,30,38,0,0,17,35,53,0,42,29,0,0,29,95,54,0,64,0,0,0,0,0,0,0,0,0,0,0,0,0,0,0,0,0,0,0,0,0,0,0,0,0,0,0
16,34,0,0,17,21,0,0,27,0,32,0,0,25,0,0,25,35,26,0,38,35,0,0,18,39,58,0,30,31,0,0,36,87,57,0,64,0,0,0,0,0,0,0,0,0,0,0,0,0,0,0,0,0,0,0,0,0,0,0,0,0,0,0
20,32,0,0,20,23,0,0,34,0,23,0,0,18,0,0,27,36,20,0,31,34,0,0,23,35,62,0,33,26,0,0,35,100,56,0,66,0,0,0,0,0,0,0,0,0,0,0,0,0,0,0,0,0,0,0,0,0,0,0,0,0,0,0
0,30,0,0,32,21,0,0,30,0,32,0,22,23,0,0,23,33,26,0,33,39,0,0,20,38,48,0,38,33,0,0,35,90,51,0,71,0,0,0,0,0,0,0,0,0,0,0,0,0,0,0,0,0,0,0,0,0,0,0,0,0,0,0
0,34,0,0,17,18,0,0,36,0,26,0,22,25,0,0,25,30,28,0,38,29,0,0,18,36,58,0,41,27,0,0,38,98,53,0,63,0,0,0,0,0,0,0,0,0,0,0,0,0,0,0,0,0,0,0,0,0,0,0,0,0,0,0
0,35,0,0,19,17,0,0,32,0,30,0,20,24,0,0,25,30,33,0,32,38,0,0,16,35,60,0,41,34,0,0,36,94,56,0,72,0,0,0,0,0,0,0,0,0,0,0,0,0,0,0,0,0,0,0,0,0,0,0,0,0,0,0
0,30,0,0,19,21,0,0,19,0,31,0,21,27,0,0,18,30,33,0,33,35,0,0,0,33,57,0,37,24,0,0,42,101,51,0,70,0,0,0,0,0,0,0,0,0,0,0,0,0,0,0,0,0,0,0,0,0,0,0,0,0,0,0
0,36,0,0,20,20,0,0,28,0,30,0,0,28,0,0,22,30,26,0,26,33,0,0,19,28,56,0,42,38,0,0,38,84,47,0,82,0,0,0,0,0,0,0,0,0,0,0,0,0,0,0,0,0,0,0,0,0,0,0,0,0,0,0
0,34,0,0,0,22,0,0,23,0,30,0,0,25,0,0,21,30,0,0,30,28,0,0,0,36,49,0,33,29,0,0,40,86,59,0,78,0,0,0,0,0,0,0,0,0,0,0,0,0,0,0,0,0,0,0,0,0,0,0,0,0,0,0
0,32,0,0,0,0,0,0,28,0,0,0,0,18,0,0,0,29,20,0,0,21,0,0,22,36,56,0,34,22,0,0,42,117,70,0,71,0,0,0,0,0,0,0,0,0,0,0,0,0,0,0,0,0,0,0,0,0,0,0,0,0,0,0
0,28,0,0,0,0,0,0,28,0,24,0,20,23,0,0,24,22,20,0,26,28,0,0,17,39,57,0,40,25,0,0,35,115,56,0,68,0,0,0,0,0,0,0,0,0,0,0,0,0,0,0,0,0,0,0,0,0,0,0,0,0,0,0
0,36,0,0,16,18,0,0,23,0,24,0,0,16,0,0,20,28,20,0,27,29,0,0,18,29,57,0,32,29,0,0,39,106,66,0,74,0,0,0,0,0,0,0,0,0,0,0,0,0,0,0,0,0,0,0,0,0,0,0,0,0,0,0
0,35,0,0,19,16,0,0,21,0,23,0,20,18,0,0,17,27,0,0,25,30,0,0,0,38,59,0,29,27,0,0,42,99,71,0,78,0,0,0,0,0,0,0,0,0,0,0,0,0,0,0,0,0,0,0,0,0,0,0,0,0,0,0
18,34,0,0,0,21,0,0,20,0,26,0,20,26,0,0,18,27,20,0,20,29,0,0,0,37,53,0,43,23,0,0,34,107,56,17,73,0,0,0,0,0,0,0,0,0,0,0,0,0,0,0,0,0,0,0,0,0,0,0,0,0,0,0
17,31,0,0,20,19,0,0,25,0,27,0,16,25,0,0,22,24,20,0,19,34,0,0,17,36,57,0,42,25,0,0,29,97,62,0,71,0,0,0,0,0,0,0,0,0,0,0,0,0,0,0,0,0,0,0,0,0,0,0,0,0,0,0
16,23,0,0,17,22,0,0,25,0,24,0,0,26,0,0,19,21,18,0,25,22,0,0,18,38,41,0,40,29,0,0,34,104,59,0,79,0,0,0,0,0,0,0,0,0,0,0,0,0,0,0,0,0,0,0,0,0,0,0,0,0,0,0
0,30,0,0,0,0,0,0,16,0,24,0,17,21,0,0,19,19,22,0,28,21,0,0,18,37,54,0,40,30,0,0,43,102,62,0,83,0,0,0,0,0,0,0,0,0,0,0,0,0,0,0,0,0,0,0,0,0,0,0,0,0,0,0
0,29,0,0,0,19,0,0,26,0,24,0,17,17,0,0,18,25,20,0,17,24,0,0,16,31,51,0,42,29,0,0,42,101,58,0,81,0,0,0,0,0,0,0,0,0,0,0,0,0,0,0,0,0,0,0,0,0,0,0,0,0,0,0
0,29,0,0,19,21,0,0,26,0,25,0,16,19,0,0,23,16,22,0,24,30,0,0,0,36,55,0,37,26,0,0,36,112,51,0,88,0,0,0,0,0,0,0,0,0,0,0,0,0,0,0,0,0,0,0,0,0,0,0,0,0,0,0
0,25,0,0,16,21,0,0,19,0,24,0,17,22,0,0,21,24,21,0,24,32,0,0,0,41,53,0,33,29,0,0,33,109,59,0,85,0,0,0,0,0,0,0,0,0,0,0,0,0,0,0,0,0,0,0,0,0,0,0,0,0,0,0
18,34,0,0,21,18,0,0,27,0,21,0,0,0,0,0,27,24,0,0,19,26,0,0,22,37,54,0,33,23,0,0,42,102,65,0,85,0,0,0,0,0,0,0,0,0,0,0,0,0,0,0,0,0,0,0,0,0,0,0,0,0,0,0
19,29,0,0,16,23,0,0,19,0,23,0,17,21,0,0,23,21,18,0,23,30,0,0,19,37,55,0,38,22,0,0,39,113,61,0,88,0,0,0,0,0,0,0,0,0,0,0,0,0,0,0,0,0,0,0,0,0,0,0,0,0,0,0
0,29,0,0,16,18,0,0,24,0,30,0,0,19,0,0,21,34,0,0,29,28,0,0,0,30,53,0,36,28,0,0,33,109,60,0,87,0,0,0,0,0,0,0,0,0,0,0,0,0,0,0,0,0,0,0,0,0,0,0,0,0,0,0
0,38,0,0,18,19,0,0,28,0,23,0,19,23,0,0,17,28,0,0,23,25,0,0,20,30,56,0,36,21,0,0,44,111,58,0,86,0,0,0,0,0,0,0,0,0,0,0,0,0,0,0,0,0,0,0,0,0,0,0,0,0,0,0
0,25,0,0,16,18,0,0,24,0,29,0,20,23,0,0,32,23,18,0,27,29,0,0,19,35,55,0,38,28,0,0,37,106,53,0,71,0,0,0,0,0,0,0,0,0,0,0,0,0,0,0,0,0,0,0,0,0,0,0,0,0,0,0
0,29,0,0,19,19,0,0,26,0,30,0,20,0,0,0,29,28,0,0,23,22,0,0,23,37,49,0,40,29,0,0,30,111,58,0,76,0,0,0,0,0,0,0,0,0,0,0,0,0,0,0,0,0,0,0,0,0,0,0,0,0,0,0
0,29,0,0,0,0,0,0,23,0,26,0,0,24,0,0,30,31,18,0,32,30,0,0,18,34,58,0,33,25,0,0,31,117,64,0,76,0,0,0,0,0,0,0,0,0,0,0,0,0,0,0,0,0,0,0,0,0,0,0,0,0,0,0
0,32,0,0,18,19,0,0,20,0,26,0,20,25,0,0,23,21,20,0,29,29,0,0,0,38,47,0,34,23,0,0,35,111,62,0,82,0,0,0,0,0,0,0,0,0,0,0,0,0,0,0,0,0,0,0,0,0,0,0,0,0,0,0
0,22,0,0,18,17,0,0,25,0,23,0,20,19,0,0,25,31,21,0,27,27,0,0,0,40,42,0,37,19,0,0,35,113,58,0,79,0,0,0,0,0,0,0,0,0,0,0,0,0,0,0,0,0,0,0,0,0,0,0,0,0,0,0
0,28,0,0,20,18,0,0,26,0,27,0,17,19,0,0,19,23,0,0,26,24,0,0,0,35,42,0,34,0,0,0,41,112,61,0,83,0,0,0,0,0,0,0,0,0,0,0,0,0,0,0,0,0,0,0,0,0,0,0,0,0,0,0
17,26,0,0,17,0,0,0,28,0,24,0,19,21,0,0,29,24,0,0,20,29,0,0,20,30,50,0,39,21,0,0,44,110,65,0,74,0,0,0,0,0,0,0,0,0,0,0,0,0,0,0,0,0,0,0,0,0,0,0,0,0,0,0
0,30,0,0,16,18,0,0,25,0,23,0,0,22,0,0,21,28,22,0,24,22,0,0,18,40,45,0,35,23,0,0,39,111,64,0,84,0,0,0,0,0,0,0,0,0,0,0,0,0,0,0,0,0,0,0,0,0,0,0,0,0,0,0
0,30,0,0,22,16,0,0,27,0,26,0,19,0,0,0,28,18,22,0,27,28,0,0,17,40,55,0,27,21,0,0,30,102,52,0,90,0,0,0,0,0,0,0,0,0,0,0,0,0,0,0,0,0,0,0,0,0,0,0,0,0,0,0
0,28,0,0,0,0,0,0,29,0,31,0,0,24,0,0,26,24,20,0,27,30,0,0,17,40,54,0,34,20,0,0,38,114,56,0,90,0,0,0,0,0,0,0,0,0,0,0,0,0,0,0,0,0,0,0,0,0,0,0,0,0,0,0
0,35,0,0,0,17,0,0,23,0,29,0,21,22,0,0,21,23,16,0,22,28,0,0,16,33,49,0,35,18,0,0,38,106,63,0,92,0,0,0,0,0,0,0,0,0,0,0,0,0,0,0,0,0,0,0,0,0,0,0,0,0,0,0
0,31,0,0,20,17,0,0,22,0,31,0,16,0,0,0,38,24,20,0,18,29,0,0,22,41,51,0,36,26,0,0,29,104,55,0,86,0,0,0,0,0,0,0,0,0,0,0,0,0,0,0,0,0,0,0,0,0,0,0,0,0,0,0
0,29,0,0,0,0,0,0,29,0,27,0,0,19,0,0,23,22,0,0,22,29,0,0,21,34,44,0,29,18,0,0,35,107,63,19,77,0,0,0,0,0,0,0,0,0,0,0,0,0,0,0,0,0,0,0,0,0,0,0,0,0,0,0
0,29,0,0,18,22,0,0,28,0,28,0,17,26,0,0,24,31,17,0,19,20,0,0,16,37,58,0,34,30,0,0,41,101,69,0,86,0,0,0,0,0,0,0,0,0,0,0,0,0,0,0,0,0,0,0,0,0,0,0,0,0,0,0
0,34,0,0,20,21,0,0,30,0,26,0,0,22,0,0,26,23,20,0,19,29,0,0,22,34,49,0,34,19,0,0,41,112,59,0,79,0,0,0,0,0,0,0,0,0,0,0,0,0,0,0,0,0,0,0,0,0,0,0,0,0,0,0
0,32,0,0,16,16,0,0,30,0,27,0,0,20,0,0,16,26,17,0,25,29,0,0,0,33,56,0,33,19,0,0,37,117,60,0,87,0,0,0,0,0,0,0,0,0,0,0,0,0,0,0,0,0,0,0,0,0,0,0,0,0,0,0
0,33,0,0,0,23,0,0,40,0,31,0,0,24,0,0,28,20,16,0,24,27,0,0,17,36,52,0,33,26,0,0,41,122,73,0,73,0,0,0,0,0,0,0,0,0,0,0,0,0,0,0,0,0,0,0,0,0,0,0,0,0,0,0
0,27,0,0,20,16,0,0,28,0,24,0,16,0,0,0,29,26,0,0,16,30,0,0,21,29,53,0,37,24,0,0,32,112,61,0,84,0,0,0,0,0,0,0,0,0,0,0,0,0,0,0,0,0,0,0,0,0,0,0,0,0,0,0
0,32,0,0,19,19,0,0,27,0,19,0,0,21,0,0,22,27,0,0,0,24,0,0,0,33,55,0,40,23,0,0,28,115,68,16,80,0,0,0,0,0,0,0,0,0,0,0,0,0,0,0,0,0,0,0,0,0,0,0,0,0,0,0
0,31,0,0,0,16,0,0,34,0,19,0,0,25,0,0,26,27,17,0,38,20,0,0,18,32,52,0,38,25,0,0,34,122,67,0,73,0,0,0,0,0,0,0,0,0,0,0,0,0,0,0,0,0,0,0,0,0,0,0,0,0,0,0
16,35,0,0,0,0,0,0,32,0,23,0,0,16,0,0,25,27,21,0,29,31,0,0,18,26,44,0,34,22,0,0,29,121,65,0,87,0,0,0,0,0,0,0,0,0,0,0,0,0,0,0,0,0,0,0,0,0,0,0,0,0,0,0
16,27,0,0,18,0,0,0,30,0,29,0,16,16,0,0,17,22,20,0,23,30,0,0,0,33,51,0,40,23,0,0,37,114,62,0,84,0,0,0,0,0,0,0,0,0,0,0,0,0,0,0,0,0,0,0,0,0,0,0,0,0,0,0
0,34,0,0,17,16,0,0,29,0,25,0,16,26,0,0,29,26,0,0,25,25,0,0,0,31,47,0,34,22,0,0,38,116,69,0,84,0,0,0,0,0,0,0,0,0,0,0,0,0,0,0,0,0,0,0,0,0,0,0,0,0,0,0
16,34,0,0,0,20,0,0,31,0,23,0,17,22,0,0,27,24,0,0,0,29,0,0,0,31,45,0,36,25,0,0,28,121,68,0,78,0,0,0,0,0,0,0,0,0,0,0,0,0,0,0,0,0,0,0,0,0,0,0,0,0,0,0
0,37,0,0,19,0,0,0,36,0,19,0,0,0,0,0,21,23,0,0,18,25,0,0,21,26,51,0,30,18,0,0,39,126,57,0,88,0,0,0,0,0,0,0,0,0,0,0,0,0,0,0,0,0,0,0,0,0,0,0,0,0,0,0
17,32,0,0,18,19,0,0,30,0,31,0,19,18,0,0,24,31,0,0,27,26,0,0,16,35,52,0,42,19,0,0,41,131,55,0,92,0,0,0,0,0,0,0,0,0,0,0,0,0,0,0,0,0,0,0,0,0,0,0,0,0,0,0
0,24,0,0,23,17,0,0,28,0,23,0,16,23,0,0,26,29,0,0,30,28,0,0,16,27,44,0,36,26,0,0,40,118,60,0,80,0,0,0,0,0,0,0,0,0,0,0,0,0,0,0,0,0,0,0,0,0,0,0,0,0,0,0
0,27,0,0,0,19,0,0,21,0,27,0,16,20,0,0,20,24,0,0,26,28,0,0,0,34,55,0,33,23,0,0,33,126,59,17,84,0,0,0,0,0,0,0,0,0,0,0,0,0,0,0,0,0,0,0,0,0,0,0,0,0,0,0
0,27,0,0,0,18,0,0,30,0,25,0,0,21,0,0,22,22,17,0,26,29,0,0,18,33,51,0,35,21,0,0,38,127,62,22,91,0,0,0,0,0,0,0,0,0,0,0,0,0,0,0,0,0,0,0,0,0,0,0,0,0,0,0
0,29,0,0,0,16,0,0,27,0,23,0,17,17,0,0,22,19,0,0,26,30,0,0,0,35,52,0,38,27,0,0,38,110,66,0,88,0,0,0,0,0,0,0,0,0,0,0,0,0,0,0,0,0,0,0,0,0,0,0,0,0,0,0
0,24,0,0,0,18,0,0,38,0,22,0,18,22,0,0,20,19,20,0,0,25,0,0,0,37,48,0,35,16,0,0,42,118,64,0,87,0,0,0,0,0,0,0,0,0,0,0,0,0,0,0,0,0,0,0,0,0,0,0,0,0,0,0
0,30,0,0,19,0,0,0,31,0,26,0,18,26,0,0,26,24,19,0,19,29,0,0,18,33,53,0,34,19,0,0,44,121,65,0,88,0,0,0,0,0,0,0,0,0,0,0,0,0,0,0,0,0,0,0,0,0,0,0,0,0,0,0
17,35,0,0,20,0,0,0,35,0,22,0,17,16,0,0,17,19,16,0,20,23,0,0,0,32,56,0,38,23,0,0,30,118,72,0,82,0,0,0,0,0,0,0,0,0,0,0,0,0,0,0,0,0,0,0,0,0,0,0,0,0,0,0
0,27,0,0,16,0,0,0,25,0,19,0,17,18,0,0,24,22,22,0,22,27,0,0,16,36,57,0,38,19,0,0,29,121,58,0,90,0,0,0,0,0,0,0,0,0,0,0,0,0,0,0,0,0,0,0,0,0,0,0,0,0,0,0
0,29,0,0,19,18,0,0,31,0,21,0,16,0,0,0,19,26,20,0,21,28,0,0,0,33,58,0,35,30,0,0,33,121,64,0,93,0,0,0,0,0,0,0,0,0,0,0,0,0,0,0,0,0,0,0,0,0,0,0,0,0,0,0
0,35,0,0,18,0,0,0,31,0,26,0,17,0,0,0,22,17,18,0,0,26,0,0,0,38,45,0,38,30,0,0,40,116,69,0,91,0,0,0,0,0,0,0,0,0,0,0,0,0,0,0,0,0,0,0,0,0,0,0,0,0,0,0
0,25,0,0,20,19,0,0,19,0,24,0,17,0,0,0,0,28,19,0,16,21,0,0,0,36,49,0,33,28,0,0,37,109,62,0,93,0,0,0,0,0,0,0,0,0,0,0,0,0,0,0,0,0,0,0,0,0,0,0,0,0,0,0
0,32,0,0,22,0,0,0,19,0,18,0,0,24,0,0,21,23,0,0,17,31,0,0,0,36,55,0,37,29,0,0,39,116,59,0,97,0,0,0,0,0,0,0,0,0,0,0,0,0,0,0,0,0,0,0,0,0,0,0,0,0,0,0
0,26,0,0,22,18,0,0,25,0,21,0,0,20,0,0,25,26,17,0,29,26,0,0,0,32,44,0,24,31,0,0,35,119,68,0,94,0,0,0,0,0,0,0,0,0,0,0,0,0,0,0,0,0,0,0,0,0,0,0,0,0,0,0
0,34,0,0,0,16,0,0,27,0,28,0,0,18,0,0,26,25,0,0,23,25,0,0,17,28,46,0,37,30,0,0,30,117,68,0,87,0,0,0,0,0,0,0,0,0,0,0,0,0,0,0,0,0,0,0,0,0,0,0,0,0,0,0
0,30,0,0,0,0,0,0,30,0,24,0,0,21,0,0,22,25,21,0,25,24,0,0,0,29,53,0,32,28,0,0,33,125,64,0,87,0,0,0,0,0,0,0,0,0,0,0,0,0,0,0,0,0,0,0,0,0,0,0,0,0,0,0
0,31,0,0,0,0,0,0,26,0,26,0,0,24,0,0,22,25,21,0,21,28,0,0,18,28,52,0,39,24,0,0,41,121,72,0,84,0,0,0,0,0,0,0,0,0,0,0,0,0,0,0,0,0,0,0,0,0,0,0,0,0,0,0
0,32,0,0,0,25,0,0,25,0,24,0,0,25,0,0,22,24,20,0,27,31,0,0,16,24,48,0,39,30,0,0,34,106,68,0,98,0,0,0,0,0,0,0,0,0,0,0,0,0,0,0,0,0,0,0,0,0,0,0,0,0,0,0
0,28,0,0,21,0,0,0,21,0,21,0,0,21,0,0,18,26,0,0,21,30,0,0,0,29,44,0,38,27,0,0,44,99,57,0,88,0,0,0,0,0,0,0,0,0,0,0,0,0,0,0,0,0,0,0,0,0,0,0,0,0,0,0
0,31,0,0,30,18,0,0,24,0,17,0,0,21,0,0,25,21,16,0,23,29,0,0,0,28,50,0,38,23,0,0,37,102,65,0,81,0,0,0,0,0,0,0,0,0,0,0,0,0,0,0,0,0,0,0,0,0,0,0,0,0,0,0
0,20,0,0,18,0,0,0,26,0,25,0,0,24,0,0,25,25,16,0,17,32,0,0,19,23,50,0,41,28,0,0,29,98,70,0,96,0,0,0,0,0,0,0,0,0,0,0,0,0,0,0,0,0,0,0,0,0,0,0,0,0,0,0
0,26,0,0,0,0,0,0,23,0,28,0,0,28,0,0,26,23,16,0,17,30,0,0,0,32,53,0,39,31,0,0,33,99,70,0,92,0,0,0,0,0,0,0,0,0,0,0,0,0,0,0,0,0,0,0,0,0,0,0,0,0,0,0
0,23,0,0,0,0,0,0,30,0,26,0,0,0,0,0,23,18,16,0,23,28,0,0,0,32,52,0,39,30,0,0,40,106,57,0,100,0,0,0,0,0,0,0,0,0,0,0,0,0,0,0,0,0,0,0,0,0,0,0,0,0,0,0
0,26,0,0,16,0,0,0,24,0,25,0,0,23,0,0,24,0,0,0,21,27,0,0,0,24,52,0,36,29,0,0,32,106,62,0,99,0,0,0,0,0,0,0,0,0,0,0,0,0,0,0,0,0,0,0,0,0,0,0,0,0,0,0
0,30,0,0,20,21,0,0,25,0,25,0,0,23,0,0,23,17,0,0,31,28,0,0,0,24,48,0,37,23,0,0,36,104,61,0,89,0,0,0,0,0,0,0,0,0,0,0,0,0,0,0,0,0,0,0,0,0,0,0,0,0,0,0
0,27,0,0,17,20,0,0,22,0,18,0,0,18,0,0,24,23,0,0,22,29,0,0,0,18,46,0,37,32,0,0,27,99,75,0,86,0,0,0,0,0,0,0,0,0,0,0,0,0,0,0,0,0,0,0,0,0,0,0,0,0,0,0
0,28,0,0,17,16,0,0,25,0,28,0,18,0,0,0,22,21,0,0,25,31,0,0,0,29,41,0,42,29,0,0,44,116,72,0,92,0,0,0,0,0,0,0,0,0,0,0,0,0,0,0,0,0,0,0,0,0,0,0,0,0,0,0
16,25,0,0,0,17,0,0,25,0,26,0,0,25,0,0,22,26,0,0,29,30,0,0,0,36,53,0,39,32,0,0,41,111,73,0,97,0,0,0,0,0,0,0,0,0,0,0,0,0,0,0,0,0,0,0,0,0,0,0,0,0,0,0
0,31,0,0,0,0,0,0,27,0,25,0,18,24,0,0,24,26,0,0,20,22,0,0,0,32,49,0,38,34,0,0,31,108,79,0,93,0,0,0,0,0,0,0,0,0,0,0,0,0,0,0,0,0,0,0,0,0,0,0,0,0,0,0
0,32,0,0,0,18,0,0,33,0,30,0,0,27,0,0,25,30,18,0,20,21,0,0,16,26,39,0,39,29,0,0,43,121,69,0,93,0,0,0,0,0,0,0,0,0,0,0,0,0,0,0,0,0,0,0,0,0,0,0,0,0,0,0
0,30,0,0,16,0,0,0,21,16,16,0,17,22,0,0,27,22,20,0,16,28,0,0,0,32,48,0,40,22,0,0,25,105,64,0,98,0,0,0,0,0,0,0,0,0,0,0,0,0,0,0,0,0,0,0,0,0,0,0,0,0,0,0
0,36,0,0,18,18,0,0,23,0,19,0,0,0,0,0,25,21,16,0,27,28,0,0,0,23,46,0,29,29,0,0,36,106,54,0,102,0,0,0,0,0,0,0,0,0,0,0,0,0,0,0,0,0,0,0,0,0,0,0,0,0,0,0
0,21,0,0,17,17,0,0,19,0,22,0,0,16,0,0,0,21,0,0,20,33,0,0,0,34,46,0,33,29,0,0,25,113,78,0,92,0,0,0,0,0,0,0,0,0,0,0,0,0,0,0,0,0,0,0,0,0,0,0,0,0,0,0
0,32,0,0,0,16,0,0,21,0,26,0,0,22,0,0,0,20,0,0,25,30,0,0,0,26,39,0,38,29,0,0,34,112,63,0,96,0,0,0,0,0,0,0,0,0,0,0,0,0,0,0,0,0,0,0,0,0,0,0,0,0,0,0
0,32,0,0,0,22,0,0,30,0,17,0,0,20,0,0,26,0,0,0,28,30,0,0,0,30,42,0,34,23,0,0,28,112,65,0,95,0,0,0,0,0,0,0,0,0,0,0,0,0,0,0,0,0,0,0,0,0,0,0,0,0,0,0
0,29,0,0,0,0,0,0,31,0,26,0,0,21,0,0,18,23,0,0,17,30,0,0,19,26,47,0,36,32,0,0,35,107,89,0,97,0,0,0,0,0,0,0,0,0,0,0,0,0,0,0,0,0,0,0,0,0,0,0,0,0,0,0
0,26,0,0,19,0,0,0,33,0,27,0,0,21,0,0,25,22,17,0,23,32,0,0,16,30,51,0,41,32,0,0,37,110,75,0,93,0,0,0,0,0,0,0,0,0,0,0,0,0,0,0,0,0,0,0,0,0,0,0,0,0,0,0
0,30,0,0,17,19,0,0,30,0,19,0,0,24,0,0,26,23,18,0,27,27,0,0,16,28,53,0,41,25,0,0,31,100,73,0,93,0,0,0,0,0,0,0,0,0,0,0,0,0,0,0,0,0,0,0,0,0,0,0,0,0,0,0
0,34,0,0,17,0,0,0,27,0,23,0,18,24,0,0,27,21,0,0,24,31,0,0,0,28,41,0,36,24,0,0,37,97,73,0,95,0,0,0,0,0,0,0,0,0,0,0,0,0,0,0,0,0,0,0,0,0,0,0,0,0,0,0
0,34,0,0,18,16,0,0,32,0,24,0,0,24,0,0,25,21,16,0,25,31,0,0,0,33,46,0,33,30,0,0,35,100,60,0,85,0,0,0,0,0,0,0,0,0,0,0,0,0,0,0,0,0,0,0,0,0,0,0,0,0,0,0
0,26,0,0,0,20,0,0,29,0,25,0,0,18,0,0,27,22,17,0,28,29,0,0,0,31,49,0,32,26,0,0,35,97,66,0,94,0,0,0,0,0,0,0,0,0,0,0,0,0,0,0,0,0,0,0,0,0,0,0,0,0,0,0
0,32,0,0,0,17,0,0,31,0,28,0,0,22,0,0,23,25,22,0,24,29,0,0,18,32,45,0,42,25,0,0,25,104,69,0,96,0,0,0,0,0,0,0,0,0,0,0,0,0,0,0,0,0,0,0,0,0,0,0,0,0,0,0
0,30,0,0,16,18,0,0,25,0,26,0,0,18,0,0,0,19,22,0,34,27,0,0,0,33,47,0,38,29,0,0,38,100,67,0,101,0,0,0,0,0,0,0,0,0,0,0,0,0,0,0,0,0,0,0,0,0,0,0,0,0,0,0
0,31,0,0,0,18,0,0,24,0,25,0,0,26,0,0,20,18,25,0,26,34,0,0,0,26,49,0,36,27,0,0,25,72,56,0,95,0,0,0,0,0,0,0,0,0,0,0,0,0,0,0,0,0,0,0,0,0,0,0,0,0,0,0
0,31,0,0,18,17,0,0,30,0,28,0,0,27,0,0,24,0,17,0,33,31,0,0,0,28,43,0,37,31,0,0,36,81,60,0,92,0,0,0,0,0,0,0,0,0,0,0,0,0,0,0,0,0,0,0,0,0,0,0,0,0,0,0
0,27,0,0,0,17,0,0,30,0,23,0,17,24,0,0,25,18,25,0,31,30,0,0,20,36,46,0,36,26,0,0,37,82,61,0,97,0,0,0,0,0,0,0,0,0,0,0,0,0,0,0,0,0,0,0,0,0,0,0,0,0,0,0
0,24,0,0,0,0,0,0,25,0,27,0,0,0,0,0,25,21,21,0,33,27,0,0,0,31,51,0,35,27,0,0,30,86,67,16,98,0,0,0,0,0,0,0,0,0,0,0,0,0,0,0,0,0,0,0,0,0,0,0,0,0,0,0
0,26,0,0,18,16,0,0,29,0,29,0,0,23,0,0,25,21,24,0,26,38,0,0,0,28,43,0,36,25,0,0,34,89,69,0,97,0,0,0,0,0,0,0,0,0,0,0,0,0,0,0,0,0,0,0,0,0,0,0,0,0,0,0
0,23,0,0,19,17,0,0,33,0,27,0,0,19,0,0,26,24,23,0,32,32,0,0,0,31,48,0,39,24,0,0,31,85,70,0,82,0,0,0,0,0,0,0,0,0,0,0,0,0,0,0,0,0,0,0,0,0,0,0,0,0,0,0
0,29,0,0,0,18,0,0,29,0,23,0,0,22,0,0,23,21,24,0,29,34,0,0,17,31,47,0,44,19,0,0,35,89,72,0,94,0,0,0,0,0,0,0,0,0,0,0,0,0,0,0,0,0,0,0,0,0,0,0,0,0,0,0
0,29,0,0,16,26,0,0,29,0,27,0,0,22,0,0,25,17,24,0,31,33,0,0,16,32,52,0,42,26,0,0,33,102,71,0,92,0,0,0,0,0,0,0,0,0,0,0,0,0,0,0,0,0,0,0,0,0,0,0,0,0,0,0
0,33,0,0,19,22,0,0,32,0,16,0,0,25,0,0,27,21,18,0,30,32,0,0,0,31,42,0,44,30,0,0,39,97,71,0,90,0,0,0,0,0,0,0,0,0,0,0,0,0,0,0,0,0,0,0,0,0,0,0,0,0,0,0
0,23,0,0,0,0,0,0,19,0,22,0,0,27,0,0,16,0,21,0,30,34,0,0,0,23,49,0,36,30,0,0,34,95,66,0,93,0,0,0,0,0,0,0,0,0,0,0,0,0,0,0,0,0,0,0,0,0,0,0,0,0,0,0
0,31,0,0,18,0,0,0,31,0,29,0,0,0,0,0,25,22,0,0,29,23,0,0,0,25,42,0,43,24,0,0,41,102,75,0,86,0,0,0,0,0,0,0,0,0,0,0,0,0,0,0,0,0,0,0,0,0,0,0,0,0,0,0
0,22,0,0,0,0,0,0,30,0,30,0,0,22,0,0,25,0,25,0,16,24,0,0,16,31,48,22,43,20,0,0,30,110,67,0,92,0,0,0,0,0,0,0,0,0,0,0,0,0,0,0,0,0,0,0,0,0,0,0,0,0,0,0
0,28,0,0,22,0,0,0,32,0,26,0,0,26,0,0,25,24,23,0,20,19,0,0,0,21,43,0,33,22,0,0,34,108,65,0,77,0,0,0,0,0,0,0,0,0,0,0,0,0,0,0,0,0,0,0,0,0,0,0,0,0,0,0
0,26,0,0,21,0,0,0,32,0,24,0,0,22,0,0,24,23,16,0,22,24,0,0,0,34,49,0,40,0,0,0,35,109,67,0,92,0,0,0,0,0,0,0,0,0,0,0,0,0,0,0,0,0,0,0,0,0,0,0,0,0,0,0
0,27,0,0,20,0,0,0,30,0,27,0,0,0,0,0,21,0,23,0,20,29,0,0,0,33,47,0,39,25,0,0,39,115,75,0,93,0,0,0,0,0,0,0,0,0,0,0,0,0,0,0,0,0,0,0,0,0,0,0,0,0,0,0
0,31,0,0,18,21,0,0,30,17,24,0,0,17,0,0,16,28,19,0,20,33,0,0,0,28,52,0,38,18,0,0,37,109,74,0,83,0,0,0,0,0,0,0,0,0,0,0,0,0,0,0,0,0,0,0,0,0,0,0,0,0,0,0
0,26,0,0,16,19,0,0,33,0,30,0,0,21,0,0,23,27,28,0,19,31,0,0,0,31,49,0,33,25,0,0,42,103,74,0,94,0,0,0,0,0,0,0,0,0,0,0,0,0,0,0,0,0,0,0,0,0,0,0,0,0,0,0
0,34,0,0,20,20,0,0,27,25,25,0,0,16,0,0,19,22,25,0,23,34,0,0,0,34,48,0,27,29,0,0,33,108,76,17,92,0,0,0,0,0,0,0,0,0,0,0,0,0,0,0,0,0,0,0,0,0,0,0,0,0,0,0
0,27,0,0,0,19,0,0,32,0,28,0,0,22,0,0,23,21,26,0,26,30,0,0,0,28,53,0,29,25,0,0,39,108,82,0,87,0,0,0,0,0,0,0,0,0,0,0,0,0,0,0,0,0,0,0,0,0,0,0,0,0,0,0
18,28,0,0,16,0,0,0,32,0,22,0,0,20,0,0,19,20,19,0,18,24,0,0,0,27,50,0,35,21,0,0,34,108,78,0,88,0,0,0,0,0,0,0,0,0,0,0,0,0,0,0,0,0,0,0,0,0,0,0,0,0,0,0
0,27,0,0,0,0,0,0,29,0,29,0,0,20,0,0,23,17,25,0,27,35,0,0,0,23,44,0,35,22,0,0,28,103,77,0,85,0,0,0,0,0,0,0,0,0,0,0,0,0,0,0,0,0,0,0,0,0,0,0,0,0,0,0
0,31,0,0,16,0,0,0,21,0,25,0,17,23,0,0,28,24,23,0,28,25,0,0,17,23,39,0,33,18,0,0,28,110,78,0,85,0,0,0,0,0,0,0,0,0,0,0,0,0,0,0,0,0,0,0,0,0,0,0,0,0,0,0
0,28,0,0,16,0,0,0,28,0,19,0,0,28,0,0,30,21,17,0,28,34,0,0,0,28,41,0,41,27,0,0,40,98,63,0,84,0,0,0,0,0,0,0,0,0,0,0,0,0,0,0,0,0,0,0,0,0,0,0,0,0,0,0
0,24,0,0,19,22,0,0,35,0,31,0,0,19,0,0,23,24,24,0,27,35,0,0,0,27,46,0,45,22,0,0,39,105,74,0,91,0,0,0,0,0,0,0,0,0,0,0,0,0,0,0,0,0,0,0,0,0,0,0,0,0,0,0
18,30,0,0,16,0,0,0,31,0,28,0,0,18,0,0,29,23,20,0,23,30,0,0,0,28,42,0,39,29,0,0,29,102,68,0,85,0,0,0,0,0,0,0,0,0,0,0,0,0,0,0,0,0,0,0,0,0,0,0,0,0,0,0
0,26,0,0,21,0,0,0,34,0,30,0,17,24,0,0,24,17,26,0,32,35,0,0,16,30,51,0,43,24,0,0,42,101,69,0,87,0,0,0,0,0,0,0,0,0,0,0,0,0,0,0,0,0,0,0,0,0,0,0,0,0,0,0
21,34,0,0,0,0,0,0,30,0,22,0,17,27,0,0,26,19,27,0,36,27,0,0,18,33,50,0,41,34,0,0,40,103,72,0,89,0,0,0,0,0,0,0,0,0,0,0,0,0,0,0,0,0,0,0,0,0,0,0,0,0,0,0
0,23,0,0,0,20,0,0,31,0,23,0,0,26,0,0,27,24,24,0,30,40,0,0,16,33,46,0,38,28,0,0,33,95,74,0,91,0,0,0,0,0,0,0,0,0,0,0,0,0,0,0,0,0,0,0,0,0,0,0,0,0,0,0
3,29,0,0,13,14,0,0,28,1,27,0,8,20,0,0,23,26,19,0,28,29,0,0,10,36,54,0,35,27,0,0,36,108,64,1,77,0,0,0,0,0,0,0,0,0,0,0,0,0,0,0,0,0,0,0,0,0,0,0,0,0,0,0
,,,,,,,,,,,,,,,,,,,,,,,,,,,,,,,,,,,,,,,,,,,,,,,,,,,,,,,,,,,,,,,
,,,,,,,,,,,,,,,,,,,,,,,,,,,,,,,,,,,,,,,,,,,,,,,,,,,,,,,,,,,,,,,
,,,,,,,,,,,,,,,,,,,,,,,,,,,,,,,,,,,,,,,,,,,,,,,,,,,,,,,,,,,,,,,
,,,,,,,,,,,,,,,,,,,,,,,,,,,,,,,,,,,,,,,,,,,,,,,,,,,,,,,,,,,,,,,
,,,,,,,,,,,,,,,,,,,,,,,,,,,,,,,,,,,,,,,,,,,,,,,,,,,,,,,,,,,,,,,
,,,,,,,,,,,,,,,,,,,,,,,,,,,,,,,,,,,,,,,,,,,,,,,,,,,,,,,,,,,,,,,
,,,,,,,,,,,,,,,,,,,,,,,,,,,,,,,,,,,,,,,,,,,,,,,,,,,,,,,,,,,,,,,
,,,,,,,,,,,,,,,,,,,,,,,,,,,,,,,,,,,,,,,,,,,,,,,,,,,,,,,,,,,,,,,
,,,,,,,,,,,,,,,,,,,,,,,,,,,,,,,,,,,,,,,,,,,,,,,,,,,,,,,,,,,,,,,
,,,,,,,,,,,,,,,,,,,,,,,,,,,,,,,,,,,,,,,,,,,,,,,,,,,,,,,,,,,,,,,
,,,,,,,,,,,,,,,,,,,,,,,,,,,,,,,,,,,,,,,,,,,,,,,,,,,,,,,,,,,,,,,
,,,,,,,,,,,,,,,,,,,,,,,,,,,,,,,,,,,,,,,,,,,,,,,,,,,,,,,,,,,,,,,
,,,,,,,,,,,,,,,,,,,,,,,,,,,,,,,,,,,,,,,,,,,,,,,,,,,,,,,,,,,,,,,
,,,,,,,,,,,,,,,,,,,,,,,,,,,,,,,,,,,,,,,,,,,,,,,,,,,,,,,,,,,,,,,
,,,,,,,,,,,,,,,,,,,,,,,,,,,,,,,,,,,,,,,,,,,,,,,,,,,,,,,,,,,,,,,
,,,,,,,,,,,,,,,,,,,,,,,,,,,,,,,,,,,,,,,,,,,,,,,,,,,,,,,,,,,,,,,
,,,,,,,,,,,,,,,,,,,,,,,,,,,,,,,,,,,,,,,,,,,,,,,,,,,,,,,,,,,,,,,
,,,,,,,,,,,,,,,,,,,,,,,,,,,,,,,,,,,,,,,,,,,,,,,,,,,,,,,,,,,,,,,
,,,,,,,,,,,,,,,,,,,,,,,,,,,,,,,,,,,,,,,,,,,,,,,,,,,,,,,,,,,,,,,
,,,,,,,,,,,,,,,,,,,,,,,,,,,,,,,,,,,,,,,,,,,,,,,,,,,,,,,,,,,,,,,
,,,,,,,,,,,,,,,,,,,,,,,,,,,,,,,,,,,,,,,,,,,,,,,,,,,,,,,,,,,,,,,
,,,,,,,,,,,,,,,,,,,,,,,,,,,,,,,,,,,,,,,,,,,,,,,,,,,,,,,,,,,,,,,
,,,,,,,,,,,,,,,,,,,,,,,,,,,,,,,,,,,,,,,,,,,,,,,,,,,,,,,,,,,,,,,
,,,,,,,,,,,,,,,,,,,,,,,,,,,,,,,,,,,,,,,,,,,,,,,,,,,,,,,,,,,,,,,
,,,,,,,,,,,,,,,,,,,,,,,,,,,,,,,,,,,,,,,,,,,,,,,,,,,,,,,,,,,,,,,
,,,,,,,,,,,,,,,,,,,,,,,,,,,,,,,,,,,,,,,,,,,,,,,,,,,,,,,,,,,,,,,
,,,,,,,,,,,,,,,,,,,,,,,,,,,,,,,,,,,,,,,,,,,,,,,,,,,,,,,,,,,,,,,
,,,,,,,,,,,,,,,,,,,,,,,,,,,,,,,,,,,,,,,,,,,,,,,,,,,,,,,,,,,,,,,
,,,,,,,,,,,,,,,,,,,,,,,,,,,,,,,,,,,,,,,,,,,,,,,,,,,,,,,,,,,,,,,
,,,,,,,,,,,,,,,,,,,,,,,,,,,,,,,,,,,,,,,,,,,,,,,,,,,,,,,,,,,,,,,
,,,,,,,,,,,,,,,,,,,,,,,,,,,,,,,,,,,,,,,,,,,,,,,,,,,,,,,,,,,,,,,
,,,,,,,,,,,,,,,,,,,,,,,,,,,,,,,,,,,,,,,,,,,,,,,,,,,,,,,,,,,,,,,
,,,,,,,,,,,,,,,,,,,,,,,,,,,,,,,,,,,,,,,,,,,,,,,,,,,,,,,,,,,,,,,
,,,,,,,,,,,,,,,,,,,,,,,,,,,,,,,,,,,,,,,,,,,,,,,,,,,,,,,,,,,,,,,
,,,,,,,,,,,,,,,,,,,,,,,,,,,,,,,,,,,,,,,,,,,,,,,,,,,,,,,,,,,,,,,
,,,,,,,,,,,,,,,,,,,,,,,,,,,,,,,,,,,,,,,,,,,,,,,,,,,,,,,,,,,,,,,
,,,,,,,,,,,,,,,,,,,,,,,,,,,,,,,,,,,,,,,,,,,,,,,,,,,,,,,,,,,,,,,
,,,,,,,,,,,,,,,,,,,,,,,,,,,,,,,,,,,,,,,,,,,,,,,,,,,,,,,,,,,,,,,
,,,,,,,,,,,,,,,,,,,,,,,,,,,,,,,,,,,,,,,,,,,,,,,,,,,,,,,,,,,,,,,
,,,,,,,,,,,,,,,,,,,,,,,,,,,,,,,,,,,,,,,,,,,,,,,,,,,,,,,,,,,,,,,
,,,,,,,,,,,,,,,,,,,,,,,,,,,,,,,,,,,,,,,,,,,,,,,,,,,,,,,,,,,,,,,
,,,,,,,,,,,,,,,,,,,,,,,,,,,,,,,,,,,,,,,,,,,,,,,,,,,,,,,,,,,,,,,
,,,,,,,,,,,,,,,,,,,,,,,,,,,,,,,,,,,,,,,,,,,,,,,,,,,,,,,,,,,,,,,
,,,,,,,,,,,,,,,,,,,,,,,,,,,,,,,,,,,,,,,,,,,,,,,,,,,,,,,,,,,,,,,
,,,,,,,,,,,,,,,,,,,,,,,,,,,,,,,,,,,,,,,,,,,,,,,,,,,,,,,,,,,,,,,
,,,,,,,,,,,,,,,,,,,,,,,,,,,,,,,,,,,,,,,,,,,,,,,,,,,,,,,,,,,,,,,
,,,,,,,,,,,,,,,,,,,,,,,,,,,,,,,,,,,,,,,,,,,,,,,,,,,,,,,,,,,,,,,
,,,,,,,,,,,,,,,,,,,,,,,,,,,,,,,,,,,,,,,,,,,,,,,,,,,,,,,,,,,,,,,
,,,,,,,,,,,,,,,,,,,,,,,,,,,,,,,,,,,,,,,,,,,,,,,,,,,,,,,,,,,,,,,
,,,,,,,,,,,,,,,,,,,,,,,,,,,,,,,,,,,,,,,,,,,,,,,,,,,,,,,,,,,,,,,
,,,,,,,,,,,,,,,,,,,,,,,,,,,,,,,,,,,,,,,,,,,,,,,,,,,,,,,,,,,,,,,
,,,,,,,,,,,,,,,,,,,,,,,,,,,,,,,,,,,,,,,,,,,,,,,,,,,,,,,,,,,,,,,
,,,,,,,,,,,,,,,,,,,,,,,,,,,,,,,,,,,,,,,,,,,,,,,,,,,,,,,,,,,,,,,
,,,,,,,,,,,,,,,,,,,,,,,,,,,,,,,,,,,,,,,,,,,,,,,,,,,,,,,,,,,,,,,
,,,,,,,,,,,,,,,,,,,,,,,,,,,,,,,,,,,,,,,,,,,,,,,,,,,,,,,,,,,,,,,
,,,,,,,,,,,,,,,,,,,,,,,,,,,,,,,,,,,,,,,,,,,,,,,,,,,,,,,,,,,,,,,
,,,,,,,,,,,,,,,,,,,,,,,,,,,,,,,,,,,,,,,,,,,,,,,,,,,,,,,,,,,,,,,
,,,,,,,,,,,,,,,,,,,,,,,,,,,,,,,,,,,,,,,,,,,,,,,,,,,,,,,,,,,,,,,
,,,,,,,,,,,,,,,,,,,,,,,,,,,,,,,,,,,,,,,,,,,,,,,,,,,,,,,,,,,,,,,
,,,,,,,,,,,,,,,,,,,,,,,,,,,,,,,,,,,,,,,,,,,,,,,,,,,,,,,,,,,,,,,
,,,,,,,,,,,,,,,,,,,,,,,,,,,,,,,,,,,,,,,,,,,,,,,,,,,,,,,,,,,,,,,
,,,,,,,,,,,,,,,,,,,,,,,,,,,,,,,,,,,,,,,,,,,,,,,,,,,,,,,,,,,,,,,
,,,,,,,,,,,,,,,,,,,,,,,,,,,,,,,,,,,,,,,,,,,,,,,,,,,,,,,,,,,,,,,
,,,,,,,,,,,,,,,,,,,,,,,,,,,,,,,,,,,,,,,,,,,,,,,,,,,,,,,,,,,,,,,
,,,,,,,,,,,,,,,,,,,,,,,,,,,,,,,,,,,,,,,,,,,,,,,,,,,,,,,,,,,,,,,
,,,,,,,,,,,,,,,,,,,,,,,,,,,,,,,,,,,,,,,,,,,,,,,,,,,,,,,,,,,,,,,
,,,,,,,,,,,,,,,,,,,,,,,,,,,,,,,,,,,,,,,,,,,,,,,,,,,,,,,,,,,,,,,
,,,,,,,,,,,,,,,,,,,,,,,,,,,,,,,,,,,,,,,,,,,,,,,,,,,,,,,,,,,,,,,
,,,,,,,,,,,,,,,,,,,,,,,,,,,,,,,,,,,,,,,,,,,,,,,,,,,,,,,,,,,,,,,
,,,,,,,,,,,,,,,,,,,,,,,,,,,,,,,,,,,,,,,,,,,,,,,,,,,,,,,,,,,,,,,
,,,,,,,,,,,,,,,,,,,,,,,,,,,,,,,,,,,,,,,,,,,,,,,,,,,,,,,,,,,,,,,
,,,,,,,,,,,,,,,,,,,,,,,,,,,,,,,,,,,,,,,,,,,,,,,,,,,,,,,,,,,,,,,
,,,,,,,,,,,,,,,,,,,,,,,,,,,,,,,,,,,,,,,,,,,,,,,,,,,,,,,,,,,,,,,
,,,,,,,,,,,,,,,,,,,,,,,,,,,,,,,,,,,,,,,,,,,,,,,,,,,,,,,,,,,,,,,
,,,,,,,,,,,,,,,,,,,,,,,,,,,,,,,,,,,,,,,,,,,,,,,,,,,,,,,,,,,,,,,
,,,,,,,,,,,,,,,,,,,,,,,,,,,,,,,,,,,,,,,,,,,,,,,,,,,,,,,,,,,,,,,
,,,,,,,,,,,,,,,,,,,,,,,,,,,,,,,,,,,,,,,,,,,,,,,,,,,,,,,,,,,,,,,
,,,,,,,,,,,,,,,,,,,,,,,,,,,,,,,,,,,,,,,,,,,,,,,,,,,,,,,,,,,,,,,
,,,,,,,,,,,,,,,,,,,,,,,,,,,,,,,,,,,,,,,,,,,,,,,,,,,,,,,,,,,,,,,
,,,,,,,,,,,,,,,,,,,,,,,,,,,,,,,,,,,,,,,,,,,,,,,,,,,,,,,,,,,,,,,
,,,,,,,,,,,,,,,,,,,,,,,,,,,,,,,,,,,,,,,,,,,,,,,,,,,,,,,,,,,,,,,
,,,,,,,,,,,,,,,,,,,,,,,,,,,,,,,,,,,,,,,,,,,,,,,,,,,,,,,,,,,,,,,
,,,,,,,,,,,,,,,,,,,,,,,,,,,,,,,,,,,,,,,,,,,,,,,,,,,,,,,,,,,,,,,
,,,,,,,,,,,,,,,,,,,,,,,,,,,,,,,,,,,,,,,,,,,,,,,,,,,,,,,,,,,,,,,
,,,,,,,,,,,,,,,,,,,,,,,,,,,,,,,,,,,,,,,,,,,,,,,,,,,,,,,,,,,,,,,
,,,,,,,,,,,,,,,,,,,,,,,,,,,,,,,,,,,,,,,,,,,,,,,,,,,,,,,,,,,,,,,
,,,,,,,,,,,,,,,,,,,,,,,,,,,,,,,,,,,,,,,,,,,,,,,,,,,,,,,,,,,,,,,
,,,,,,,,,,,,,,,,,,,,,,,,,,,,,,,,,,,,,,,,,,,,,,,,,,,,,,,,,,,,,,,
,,,,,,,,,,,,,,,,,,,,,,,,,,,,,,,,,,,,,,,,,,,,,,,,,,,,,,,,,,,,,,,
,,,,,,,,,,,,,,,,,,,,,,,,,,,,,,,,,,,,,,,,,,,,,,,,,,,,,,,,,,,,,,,
,,,,,,,,,,,,,,,,,,,,,,,,,,,,,,,,,,,,,,,,,,,,,,,,,,,,,,,,,,,,,,,
,,,,,,,,,,,,,,,,,,,,,,,,,,,,,,,,,,,,,,,,,,,,,,,,,,,,,,,,,,,,,,,
,,,,,,,,,,,,,,,,,,,,,,,,,,,,,,,,,,,,,,,,,,,,,,,,,,,,,,,,,,,,,,,
,,,,,,,,,,,,,,,,,,,,,,,,,,,,,,,,,,,,,,,,,,,,,,,,,,,,,,,,,,,,,,,
,,,,,,,,,,,,,,,,,,,,,,,,,,,,,,,,,,,,,,,,,,,,,,,,,,,,,,,,,,,,,,,
,,,,,,,,,,,,,,,,,,,,,,,,,,,,,,,,,,,,,,,,,,,,,,,,,,,,,,,,,,,,,,,
,,,,,,,,,,,,,,,,,,,,,,,,,,,,,,,,,,,,,,,,,,,,,,,,,,,,,,,,,,,,,,,
,,,,,,,,,,,,,,,,,,,,,,,,,,,,,,,,,,,,,,,,,,,,,,,,,,,,,,,,,,,,,,,
,,,,,,,,,,,,,,,,,,,,,,,,,,,,,,,,,,,,,,,,,,,,,,,,,,,,,,,,,,,,,,,